time (us),GPS_fixType,GPS_numSat,GPS_coord[0],GPS_coord[1],GPS_altitude,GPS_speed (m/s),GPS_ground_course,GPS_hdop,GPS_eph,GPS_epv,GPS_velned[0],GPS_velned[1],GPS_velned[2],GPS_home_lat,GPS_home_lon
179717073,2,7,37.4117525,-121.9950082,7,0.05,62.5,249,121,285,-1,5,11,37.4117526,-121.9950056
179724835,2,7,37.4117525,-121.9950082,7,0.05,62.5,249,121,285,-1,5,11,37.4117526,-121.9950056
179796085,2,7,37.4117524,-121.9950081,7,0.11,62.5,249,121,285,-10,-4,19,37.4117526,-121.9950056
179896520,2,7,37.4117523,-121.9950081,7,0.10,62.5,249,121,285,-7,-7,12,37.4117526,-121.9950056
180398849,2,7,37.4117523,-121.9950080,7,0.04,62.5,249,121,286,3,-1,5,37.4117526,-121.9950056
180600099,2,7,37.4117523,-121.9950079,7,0.04,62.5,249,121,286,-1,4,-3,37.4117526,-121.9950056
180700350,2,7,37.4117522,-121.9950078,7,0.07,62.5,249,121,286,-5,5,1,37.4117526,-121.9950056
180801353,2,7,37.4117521,-121.9950078,7,0.12,62.5,249,121,286,-9,-7,10,37.4117526,-121.9950056
181002785,2,7,37.4117520,-121.9950079,7,0.03,62.5,249,121,286,3,-2,26,37.4117526,-121.9950056
181304912,2,7,37.4117519,-121.9950078,7,0.09,62.5,249,121,287,7,5,32,37.4117526,-121.9950056
181506183,2,7,37.4117520,-121.9950078,7,0.15,62.5,250,121,287,12,-9,22,37.4117526,-121.9950056
181606667,2,7,37.4117521,-121.9950078,7,0.19,62.5,250,121,287,18,-4,29,37.4117526,-121.9950056
181808474,2,7,37.4117521,-121.9950077,7,0.08,62.5,250,121,287,0,8,29,37.4117526,-121.9950056
181857108,2,7,37.4117521,-121.9950077,7,0.08,62.5,250,121,287,0,8,29,37.4117526,-121.9950056
181909270,2,7,37.4117521,-121.9950076,7,0.03,62.5,250,121,288,-2,-1,40,37.4117526,-121.9950056
181989828,2,7,37.4117519,-121.9950076,7,0.22,62.5,250,121,288,-20,-8,39,37.4117526,-121.9950056
182090224,2,7,37.4117517,-121.9950077,7,0.13,62.5,250,121,288,-9,-8,34,37.4117526,-121.9950056
182291402,2,7,37.4117516,-121.9950077,7,0.03,62.5,250,121,288,-3,0,18,37.4117526,-121.9950056
182392131,2,7,37.4117515,-121.9950077,7,0.03,62.5,250,121,288,2,-1,17,37.4117526,-121.9950056
182493635,2,7,37.4117515,-121.9950078,7,0.12,62.5,250,120,288,-1,-12,25,37.4117526,-121.9950056
182594884,2,7,37.4117514,-121.9950079,7,0.09,62.5,250,120,288,-2,-8,15,37.4117526,-121.9950056
182694687,2,7,37.4117513,-121.9950078,7,0.07,62.5,250,120,288,-6,3,14,37.4117526,-121.9950056
182795379,2,7,37.4117511,-121.9950079,7,0.16,62.5,250,120,288,-14,-9,14,37.4117526,-121.9950056
182896667,2,7,37.4117511,-121.9950080,7,0.05,62.5,250,120,288,5,0,16,37.4117526,-121.9950056
182996967,2,7,37.4117510,-121.9950080,7,0.10,62.5,250,120,289,-10,-2,17,37.4117526,-121.9950056
183097562,2,7,37.4117510,-121.9950081,7,0.07,62.5,250,120,289,7,0,23,37.4117526,-121.9950056
183198728,2,7,37.4117511,-121.9950081,7,0.09,62.5,250,120,289,9,2,27,37.4117526,-121.9950056
183299068,2,7,37.4117511,-121.9950082,7,0.02,62.5,250,120,289,1,-1,27,37.4117526,-121.9950056
183399356,2,7,37.4117511,-121.9950081,7,0.01,62.5,250,120,289,0,1,16,37.4117526,-121.9950056
183499919,2,7,37.4117512,-121.9950081,7,0.12,62.5,250,120,289,12,-1,16,37.4117526,-121.9950056
183600794,2,7,37.4117513,-121.9950082,7,0.20,62.5,250,120,289,19,-4,30,37.4117526,-121.9950056
183701092,2,7,37.4117514,-121.9950084,7,0.17,62.5,250,120,289,5,-16,43,37.4117526,-121.9950056
183802583,2,7,37.4117515,-121.9950084,7,0.12,62.5,250,121,289,11,-4,39,37.4117526,-121.9950056
183977361,2,7,37.4117515,-121.9950084,7,0.02,62.5,250,121,289,-1,-1,45,37.4117526,-121.9950056
184003584,2,7,37.4117514,-121.9950084,7,0.05,62.5,250,121,289,-2,-4,67,37.4117526,-121.9950056
184104414,2,7,37.4117515,-121.9950083,7,0.07,62.5,250,121,290,6,-2,84,37.4117526,-121.9950056
184206043,2,7,37.4117515,-121.9950084,7,0.16,62.5,250,121,290,6,-15,82,37.4117526,-121.9950056
184286699,2,7,37.4117515,-121.9950085,7,0.13,62.5,250,121,290,5,-12,104,37.4117526,-121.9950056
184387484,2,7,37.4117515,-121.9950084,7,0.06,62.5,250,121,290,-3,-5,117,37.4117526,-121.9950056
184488198,2,7,37.4117514,-121.9950084,7,0.29,62.5,250,121,291,-27,-11,131,37.4117526,-121.9950056
184589160,2,7,37.4117511,-121.9950082,7,0.38,62.5,250,121,291,-36,10,131,37.4117526,-121.9950056
184690613,2,7,37.4117507,-121.9950079,7,0.49,62.5,250,122,291,-42,25,148,37.4117526,-121.9950056
184790946,2,7,37.4117502,-121.9950073,7,0.66,110.6,250,122,291,-59,29,160,37.4117526,-121.9950056
184891809,2,7,37.4117498,-121.9950069,7,0.36,110.6,250,122,291,-30,19,153,37.4117526,-121.9950056
184992687,2,7,37.4117500,-121.9950067,7,0.37,110.6,250,121,291,34,-14,140,37.4117526,-121.9950056
185093285,2,7,37.4117509,-121.9950072,7,1.54,345.9,250,121,291,130,-82,132,37.4117526,-121.9950056
185193480,2,7,37.4117527,-121.9950087,7,2.82,328.3,250,121,291,225,-170,88,37.4117526,-121.9950056
185294660,2,7,37.4117556,-121.9950113,7,4.51,325.1,250,121,292,363,-267,34,37.4117526,-121.9950056
185394866,2,7,37.4117593,-121.9950145,7,5.18,324.6,250,121,293,421,-303,-9,37.4117526,-121.9950056
185495270,2,7,37.4117635,-121.9950174,7,5.34,326.4,250,121,293,452,-284,-68,37.4117526,-121.9950056
185596067,2,7,37.4117679,-121.9950204,8,5.74,326.8,250,122,294,483,-310,-137,37.4117526,-121.9950056
185696177,2,7,37.4117724,-121.9950236,8,5.66,327.2,250,122,295,478,-303,-221,37.4117526,-121.9950056
185797325,2,7,37.4117772,-121.9950268,8,6.19,328.6,250,122,296,535,-311,-263,37.4117526,-121.9950056
185898307,2,7,37.4117821,-121.9950303,9,6.42,327.9,250,122,296,541,-345,-297,37.4117526,-121.9950056
185999225,2,7,37.4117871,-121.9950345,9,6.91,326.0,250,122,297,563,-400,-306,37.4117526,-121.9950056
186100743,2,7,37.4117924,-121.9950389,10,7.22,325.2,250,121,297,588,-418,-321,37.4117526,-121.9950056
186108007,2,7,37.4117924,-121.9950389,10,7.22,325.2,250,121,297,588,-418,-321,37.4117526,-121.9950056
186201238,2,7,37.4117980,-121.9950434,10,7.54,326.9,250,122,298,632,-412,-338,37.4117526,-121.9950056
186302290,2,7,37.4118041,-121.9950477,11,7.87,330.3,250,122,299,684,-389,-353,37.4117526,-121.9950056
186402767,2,7,37.4118102,-121.9950519,11,7.68,329.7,250,122,300,663,-387,-408,37.4117526,-121.9950056
186503348,2,7,37.4118164,-121.9950562,12,7.96,330.0,250,122,300,689,-397,-433,37.4117526,-121.9950056
186603708,2,7,37.4118228,-121.9950605,12,8.31,330.6,250,122,301,724,-408,-432,37.4117526,-121.9950056
186684464,2,7,37.4118294,-121.9950651,13,8.36,329.1,250,122,302,718,-429,-462,37.4117526,-121.9950056
186805059,2,7,37.4118360,-121.9950699,13,8.68,329.5,250,122,303,748,-440,-462,37.4117526,-121.9950056
186885554,2,7,37.4118430,-121.9950748,14,9.14,330.2,250,122,304,794,-453,-451,37.4117526,-121.9950056
186985894,2,7,37.4118503,-121.9950797,15,9.53,331.5,250,122,304,837,-454,-440,37.4117526,-121.9950056
187086643,2,7,37.4118580,-121.9950843,15,9.69,333.2,250,122,305,865,-436,-437,37.4117526,-121.9950056
187186997,2,7,37.4118659,-121.9950890,16,9.71,333.1,250,122,305,867,-438,-450,37.4117526,-121.9950056
187287565,2,7,37.4118737,-121.9950937,16,9.76,333.1,250,122,306,870,-441,-453,37.4117526,-121.9950056
187388199,2,7,37.4118817,-121.9950986,17,9.97,333.2,250,122,307,890,-449,-452,37.4117526,-121.9950056
187488914,2,7,37.4118898,-121.9951036,17,10.24,333.7,250,122,308,919,-452,-444,37.4117526,-121.9950056
187590478,2,7,37.4118982,-121.9951085,18,10.25,334.7,250,122,309,926,-438,-442,37.4117526,-121.9950056
187691186,2,7,37.4119067,-121.9951132,18,10.40,335.9,250,122,310,949,-423,-432,37.4117526,-121.9950056
187792018,2,7,37.4119153,-121.9951179,19,10.44,335.4,250,122,311,949,-434,-451,37.4117526,-121.9950056
187892520,2,7,37.4119238,-121.9951227,19,10.40,333.5,250,122,312,931,-464,-476,37.4117526,-121.9950056
187993015,2,7,37.4119321,-121.9951279,20,10.43,332.7,250,122,312,927,-478,-480,37.4117526,-121.9950056
188093519,2,7,37.4119405,-121.9951330,21,10.54,333.0,250,122,313,939,-478,-487,37.4117526,-121.9950056
188194162,2,7,37.4119490,-121.9951382,21,10.57,333.5,250,122,314,947,-470,-494,37.4117526,-121.9950056
188256192,2,7,37.4119490,-121.9951382,21,10.57,333.5,250,122,314,947,-470,-494,37.4117526,-121.9950056
188295072,2,7,37.4119575,-121.9951434,22,10.49,333.0,250,122,314,936,-475,-525,37.4117526,-121.9950056
188395481,2,7,37.4119660,-121.9951485,23,10.49,333.5,250,122,315,940,-466,-541,37.4117526,-121.9950056
188496168,2,7,37.4119745,-121.9951537,23,10.76,334.3,250,122,315,971,-465,-511,37.4117526,-121.9950056
188597417,2,7,37.4119834,-121.9951588,24,11.10,334.8,250,122,316,1005,-471,-476,37.4117526,-121.9950056
188697459,2,7,37.4119924,-121.9951639,24,11.15,334.2,250,122,316,1004,-484,-485,37.4117526,-121.9950056
188798254,2,7,37.4120017,-121.9951687,25,11.37,337.2,250,122,317,1048,-440,-507,37.4117526,-121.9950056
188898816,2,7,37.4120112,-121.9951735,26,11.43,337.2,250,122,317,1054,-442,-520,37.4117526,-121.9950056
188999310,2,7,37.4120208,-121.9951781,26,11.48,338.9,250,122,318,1071,-413,-518,37.4117526,-121.9950056
189099933,2,7,37.4120308,-121.9951827,27,11.86,340.4,250,123,318,1117,-397,-494,37.4117526,-121.9950056
189200619,2,7,37.4120409,-121.9951871,27,12.12,340.3,250,123,318,1142,-407,-467,37.4117526,-121.9950056
189281926,2,7,37.4120513,-121.9951915,28,12.33,340.9,250,123,318,1165,-402,-427,37.4117526,-121.9950056
189382872,2,7,37.4120620,-121.9951956,28,12.47,343.4,250,123,318,1196,-354,-410,37.4117526,-121.9950056
189483414,2,7,37.4120729,-121.9951994,29,12.61,344.1,250,123,318,1213,-343,-422,37.4117526,-121.9950056
189584568,2,7,37.4120839,-121.9952031,29,12.73,344.8,250,123,318,1229,-333,-414,37.4117526,-121.9950056
189685552,2,7,37.4120947,-121.9952069,30,12.30,342.8,250,123,318,1175,-363,-477,37.4117526,-121.9950056
189785900,2,7,37.4121049,-121.9952114,31,11.52,338.3,250,123,319,1071,-424,-579,37.4117526,-121.9950056
189886945,2,7,37.4121148,-121.9952162,31,11.74,338.5,250,123,320,1093,-429,-597,37.4117526,-121.9950056
189987302,2,7,37.4121246,-121.9952214,32,11.75,337.0,250,123,320,1082,-458,-599,37.4117526,-121.9950056
190088378,2,7,37.4121338,-121.9952272,32,11.27,332.3,250,123,321,998,-523,-635,37.4117526,-121.9950056
190189213,2,7,37.4121425,-121.9952336,33,11.18,328.4,250,123,322,953,-584,-663,37.4117526,-121.9950056
190289944,2,7,37.4121511,-121.9952402,34,11.49,329.2,250,123,322,988,-587,-600,37.4117526,-121.9950056
190390011,2,7,37.4121601,-121.9952468,34,11.80,331.1,250,123,323,1033,-568,-527,37.4117526,-121.9950056
190406625,2,7,37.4121601,-121.9952468,34,11.80,331.1,250,123,323,1033,-568,-527,37.4117526,-121.9950056
190491107,2,7,37.4121693,-121.9952530,35,11.48,331.2,250,123,323,1007,-552,-553,37.4117526,-121.9950056
190592179,2,7,37.4121784,-121.9952590,36,11.30,331.5,250,123,323,993,-539,-584,37.4117526,-121.9950056
190692690,2,7,37.4121875,-121.9952649,36,11.30,332.4,250,123,323,1001,-522,-586,37.4117526,-121.9950056
190793327,2,7,37.4121966,-121.9952706,37,11.32,334.1,250,123,323,1018,-493,-581,37.4117526,-121.9950056
190894650,2,7,37.4122058,-121.9952760,37,11.34,334.4,250,123,323,1023,-489,-575,37.4117526,-121.9950056
190995129,2,7,37.4122151,-121.9952813,38,11.36,335.7,250,123,323,1036,-466,-562,37.4117526,-121.9950056
191096249,2,7,37.4122245,-121.9952864,38,11.43,336.1,250,123,323,1046,-461,-545,37.4117526,-121.9950056
191196688,2,7,37.4122340,-121.9952914,39,11.54,337.2,250,123,324,1064,-445,-530,37.4117526,-121.9950056
191296858,2,7,37.4122436,-121.9952963,40,11.46,337.7,250,123,324,1060,-433,-517,37.4117526,-121.9950056
191397176,2,7,37.4122533,-121.9953010,40,11.60,338.6,250,123,323,1080,-422,-516,37.4117526,-121.9950056
191497685,2,7,37.4122630,-121.9953054,41,11.35,340.4,250,123,323,1069,-380,-545,37.4117526,-121.9950056
191598317,2,7,37.4122726,-121.9953092,41,10.88,341.1,250,123,323,1029,-352,-596,37.4117526,-121.9950056
191698885,2,7,37.4122819,-121.9953127,42,10.75,343.0,250,123,323,1028,-312,-620,37.4117526,-121.9950056
191779474,2,7,37.4122912,-121.9953160,43,10.79,343.9,250,123,323,1037,-298,-612,37.4117526,-121.9950056
191880565,2,7,37.4123007,-121.9953192,43,10.86,344.9,250,123,323,1048,-282,-603,37.4117526,-121.9950056
191981040,2,7,37.4123102,-121.9953221,44,11.05,345.7,250,123,322,1071,-272,-575,37.4117526,-121.9950056
192082212,2,7,37.4123200,-121.9953249,45,10.97,347.5,250,123,322,1071,-235,-561,37.4117526,-121.9950056
192182712,2,7,37.4123297,-121.9953273,45,11.12,348.9,250,123,322,1091,-212,-546,37.4117526,-121.9950056
192283590,2,7,37.4123397,-121.9953295,46,11.19,349.9,250,123,323,1102,-194,-539,37.4117526,-121.9950056
192384607,2,7,37.4123496,-121.9953316,46,11.15,349.4,250,123,323,1097,-203,-530,37.4117526,-121.9950056
192485207,2,7,37.4123595,-121.9953336,47,11.34,350.0,250,123,323,1118,-195,-507,37.4117526,-121.9950056
192553869,2,7,37.4123595,-121.9953336,47,11.34,350.0,250,123,323,1118,-195,-507,37.4117526,-121.9950056
192585386,2,7,37.4123696,-121.9953356,47,11.37,350.1,250,123,323,1120,-194,-508,37.4117526,-121.9950056
192685712,2,7,37.4123797,-121.9953376,48,11.41,350.4,250,123,323,1125,-190,-503,37.4117526,-121.9950056
192786321,2,7,37.4123897,-121.9953397,49,11.39,350.0,250,123,324,1122,-196,-490,37.4117526,-121.9950056
192887206,2,7,37.4123998,-121.9953420,49,11.43,349.0,250,123,324,1122,-217,-504,37.4117526,-121.9950056
192987933,2,7,37.4124098,-121.9953443,50,11.33,348.7,250,123,324,1111,-220,-512,37.4117526,-121.9950056
193088647,2,7,37.4124198,-121.9953469,50,11.39,347.7,250,123,325,1113,-242,-501,37.4117526,-121.9950056
193189982,2,7,37.4124299,-121.9953494,51,11.43,348.9,250,123,325,1121,-220,-499,37.4117526,-121.9950056
193290250,2,7,37.4124400,-121.9953519,51,11.46,349.1,250,123,325,1126,-216,-484,37.4117526,-121.9950056
193390637,2,7,37.4124502,-121.9953543,52,11.56,349.5,250,123,326,1137,-209,-485,37.4117526,-121.9950056
193491326,2,7,37.4124603,-121.9953567,52,11.36,349.2,250,123,326,1116,-211,-495,37.4117526,-121.9950056
193591928,2,7,37.4124704,-121.9953591,53,11.33,349.4,250,123,326,1114,-207,-506,37.4117526,-121.9950056
193692516,2,7,37.4124804,-121.9953613,53,11.26,349.7,250,123,326,1108,-200,-508,37.4117526,-121.9950056
193793063,2,7,37.4124904,-121.9953635,54,11.33,349.6,250,123,326,1114,-203,-503,37.4117526,-121.9950056
193893542,2,7,37.4125004,-121.9953657,55,11.31,350.2,250,123,327,1115,-191,-503,37.4117526,-121.9950056
193993780,2,7,37.4125104,-121.9953678,55,11.15,350.1,250,123,327,1098,-190,-522,37.4117526,-121.9950056
194094091,2,7,37.4125202,-121.9953699,56,11.01,349.9,250,123,327,1084,-191,-540,37.4117526,-121.9950056
194194914,2,7,37.4125300,-121.9953721,56,10.98,349.6,250,123,327,1080,-198,-546,37.4117526,-121.9950056
194295216,2,7,37.4125398,-121.9953744,57,11.24,349.7,250,123,328,1106,-200,-516,37.4117526,-121.9950056
194395881,2,7,37.4125496,-121.9953768,57,11.01,348.9,250,123,328,1081,-211,-518,37.4117526,-121.9950056
194496342,2,7,37.4125592,-121.9953794,58,10.89,347.4,250,123,328,1063,-236,-534,37.4117526,-121.9950056
194576918,2,7,37.4125687,-121.9953822,59,10.88,346.6,250,124,329,1058,-251,-537,37.4117526,-121.9950056
194678011,2,7,37.4125780,-121.9953853,59,10.79,344.5,250,124,329,1040,-288,-540,37.4117526,-121.9950056
194705482,2,7,37.4125780,-121.9953853,59,10.79,344.5,250,124,329,1040,-288,-540,37.4117526,-121.9950056
194778598,2,7,37.4125873,-121.9953885,60,10.72,344.3,250,124,330,1032,-288,-547,37.4117526,-121.9950056
194878939,2,7,37.4125965,-121.9953917,60,10.68,343.9,250,124,330,1027,-295,-557,37.4117526,-121.9950056
194979491,2,7,37.4126057,-121.9953949,61,10.55,344.4,250,124,331,1017,-283,-558,37.4117526,-121.9950056
195079844,2,7,37.4126150,-121.9953981,62,10.70,345.4,250,124,331,1036,-268,-549,37.4117526,-121.9950056
195180283,2,7,37.4126242,-121.9954011,62,10.67,345.0,250,124,331,1031,-276,-541,37.4117526,-121.9950056
195280699,2,7,37.4126335,-121.9954043,63,10.56,344.3,250,124,331,1017,-284,-531,37.4117526,-121.9950056
195382227,2,7,37.4126427,-121.9954072,63,10.52,345.8,250,124,331,1020,-256,-545,37.4117526,-121.9950056
195482884,2,7,37.4126519,-121.9954098,64,10.51,347.8,250,124,331,1027,-221,-543,37.4117526,-121.9950056
195583453,2,7,37.4126613,-121.9954123,64,10.61,347.7,250,124,331,1037,-224,-546,37.4117526,-121.9950056
195685093,2,7,37.4126705,-121.9954147,65,10.39,348.0,250,124,332,1017,-214,-548,37.4117526,-121.9950056
195786005,2,7,37.4126797,-121.9954170,66,10.47,348.3,250,124,332,1026,-210,-541,37.4117526,-121.9950056
195886600,2,7,37.4126888,-121.9954191,66,10.30,349.5,250,124,332,1014,-186,-549,37.4117526,-121.9950056
195987231,2,7,37.4126979,-121.9954211,67,10.21,349.1,250,124,332,1003,-191,-554,37.4117526,-121.9950056
196087903,2,7,37.4127069,-121.9954230,67,10.17,349.9,250,124,332,1001,-177,-563,37.4117526,-121.9950056
196188542,2,7,37.4127159,-121.9954247,68,10.16,350.5,250,124,332,1002,-166,-564,37.4117526,-121.9950056
196288860,2,7,37.4127249,-121.9954263,69,10.08,351.7,250,124,333,997,-145,-577,37.4117526,-121.9950056
196389034,2,7,37.4127338,-121.9954277,69,9.87,351.9,250,124,333,977,-138,-586,37.4117526,-121.9950056
196489763,2,7,37.4127427,-121.9954289,70,9.87,353.3,250,124,333,980,-115,-603,37.4117526,-121.9950056
196590198,2,7,37.4127514,-121.9954300,71,9.70,353.3,250,124,333,963,-111,-618,37.4117526,-121.9950056
196690731,2,7,37.4127600,-121.9954310,71,9.57,354.5,250,124,333,952,-91,-619,37.4117526,-121.9950056
196790822,2,7,37.4127686,-121.9954318,72,9.47,354.7,250,124,332,943,-86,-638,37.4117526,-121.9950056
196857168,2,7,37.4127686,-121.9954318,72,9.47,354.7,250,124,332,943,-86,-638,37.4117526,-121.9950056
196891262,2,7,37.4127770,-121.9954325,73,9.37,356.1,250,124,332,935,-63,-647,37.4117526,-121.9950056
196991874,2,7,37.4127855,-121.9954330,74,9.38,356.8,250,124,332,936,-51,-637,37.4117526,-121.9950056
197092144,2,7,37.4127939,-121.9954333,74,9.33,357.7,250,124,332,932,-37,-642,37.4117526,-121.9950056
197193708,2,7,37.4128023,-121.9954335,75,9.35,358.6,250,123,332,935,-22,-639,37.4117526,-121.9950056
197274154,2,7,37.4128108,-121.9954337,76,9.55,358.7,250,123,332,955,-21,-592,37.4117526,-121.9950056
197374392,2,7,37.4128193,-121.9954338,76,9.70,359.4,250,123,332,970,-9,-561,37.4117526,-121.9950056
197474824,2,7,37.4128282,-121.9954338,77,9.98,359.6,250,123,332,998,-5,-531,37.4117526,-121.9950056
197576140,2,7,37.4128371,-121.9954337,78,10.03,359.7,250,123,332,1003,-4,-503,37.4117526,-121.9950056
197676610,2,7,37.4128461,-121.9954338,78,10.06,359.3,250,123,332,1006,-11,-479,37.4117526,-121.9950056
197777194,2,7,37.4128552,-121.9954339,79,10.13,358.4,250,123,331,1013,-27,-470,37.4117526,-121.9950056
197877605,2,7,37.4128643,-121.9954342,79,10.19,358.2,250,123,331,1018,-30,-463,37.4117526,-121.9950056
197978241,2,7,37.4128735,-121.9954345,80,10.17,357.8,250,123,331,1017,-39,-473,37.4117526,-121.9950056
198078708,2,7,37.4128827,-121.9954350,80,10.05,356.6,250,123,331,1003,-58,-496,37.4117526,-121.9950056
198179139,2,7,37.4128917,-121.9954358,81,9.91,355.2,250,123,331,987,-81,-528,37.4117526,-121.9950056
198279859,2,7,37.4129005,-121.9954368,81,9.78,354.2,250,124,331,973,-97,-546,37.4117526,-121.9950056
198380319,2,7,37.4129092,-121.9954379,82,9.58,353.1,250,124,331,951,-114,-568,37.4117526,-121.9950056
198480929,2,7,37.4129177,-121.9954390,83,9.43,353.1,250,124,331,936,-113,-579,37.4117526,-121.9950056
198582102,2,7,37.4129262,-121.9954403,83,9.56,352.3,250,124,331,947,-127,-585,37.4117526,-121.9950056
198682598,2,7,37.4129347,-121.9954417,84,9.45,351.8,250,124,331,936,-133,-578,37.4117526,-121.9950056
198783036,2,7,37.4129431,-121.9954432,84,9.46,351.4,250,124,331,936,-140,-577,37.4117526,-121.9950056
198883716,2,7,37.4129515,-121.9954446,85,9.33,351.4,250,124,331,923,-139,-588,37.4117526,-121.9950056
198984284,2,7,37.4129597,-121.9954461,86,9.27,350.8,250,124,331,915,-147,-590,37.4117526,-121.9950056
199013009,2,7,37.4129597,-121.9954461,86,9.27,350.8,250,124,331,915,-147,-590,37.4117526,-121.9950056
199084426,2,7,37.4129680,-121.9954477,86,9.36,350.9,250,124,331,924,-147,-588,37.4117526,-121.9950056
199185522,2,7,37.4129762,-121.9954494,87,9.37,350.0,250,124,331,923,-162,-569,37.4117526,-121.9950056
199285878,2,7,37.4129845,-121.9954511,88,9.36,350.2,250,124,331,922,-158,-555,37.4117526,-121.9950056
199386452,2,7,37.4129929,-121.9954528,88,9.54,350.0,250,124,331,940,-165,-550,37.4117526,-121.9950056
199487196,2,7,37.4130013,-121.9954548,89,9.53,349.4,250,124,331,937,-174,-535,37.4117526,-121.9950056
199587886,2,7,37.4130098,-121.9954567,89,9.62,349.2,250,124,331,945,-180,-529,37.4117526,-121.9950056
199689007,2,7,37.4130183,-121.9954588,90,9.64,348.4,250,124,332,945,-193,-520,37.4117526,-121.9950056
199789284,2,7,37.4130268,-121.9954610,90,9.70,348.3,250,124,332,950,-196,-503,37.4117526,-121.9950056
199890153,2,7,37.4130353,-121.9954632,91,9.70,347.5,250,124,332,947,-208,-508,37.4117526,-121.9950056
199991128,2,7,37.4130439,-121.9954656,92,9.88,347.1,250,125,332,963,-219,-508,37.4117526,-121.9950056
200070713,2,7,37.4130525,-121.9954681,92,9.75,346.5,250,125,332,948,-226,-497,37.4117526,-121.9950056
200171462,2,7,37.4130611,-121.9954708,93,9.95,345.8,250,125,332,965,-243,-494,37.4117526,-121.9950056
200272638,2,7,37.4130696,-121.9954736,93,9.78,344.9,250,125,332,944,-254,-504,37.4117526,-121.9950056
200372736,2,7,37.4130780,-121.9954765,94,9.76,343.8,250,125,333,937,-272,-504,37.4117526,-121.9950056
200473067,2,7,37.4130864,-121.9954797,94,9.78,342.9,250,125,333,935,-286,-510,37.4117526,-121.9950056
200573700,2,7,37.4130948,-121.9954828,95,9.73,343.3,250,125,333,932,-279,-516,37.4117526,-121.9950056
200674454,2,7,37.4131031,-121.9954860,95,9.61,342.7,250,125,333,918,-284,-516,37.4117526,-121.9950056
200775118,2,7,37.4131113,-121.9954891,96,9.53,342.7,250,125,333,911,-282,-502,37.4117526,-121.9950056
200875724,2,7,37.4131197,-121.9954921,96,9.76,344.6,250,125,333,941,-259,-458,37.4117526,-121.9950056
200976261,2,7,37.4131284,-121.9954951,97,10.15,345.1,250,125,332,981,-260,-383,37.4117526,-121.9950056
201076776,2,7,37.4131374,-121.9954979,97,10.29,346.1,250,125,332,999,-245,-333,37.4117526,-121.9950056
201156365,2,7,37.4131374,-121.9954979,97,10.29,346.1,250,125,332,999,-245,-333,37.4117526,-121.9950056
201176962,2,7,37.4131464,-121.9955004,98,10.34,347.2,250,125,331,1009,-227,-322,37.4117526,-121.9950056
201277111,2,7,37.4131557,-121.9955025,98,10.49,349.3,250,125,331,1031,-193,-307,37.4117526,-121.9950056
201378105,2,7,37.4131651,-121.9955043,98,10.56,351.5,250,125,330,1044,-155,-294,37.4117526,-121.9950056
201478690,2,7,37.4131746,-121.9955053,99,10.61,354.6,250,125,330,1056,-99,-307,37.4117526,-121.9950056
201579388,2,7,37.4131842,-121.9955058,99,10.58,356.9,250,125,329,1056,-55,-347,37.4117526,-121.9950056
201679451,2,7,37.4131937,-121.9955060,100,10.43,359.0,250,125,329,1043,-18,-397,37.4117526,-121.9950056
201780148,2,7,37.4132031,-121.9955057,100,10.46,0.8,250,125,328,1046,16,-423,37.4117526,-121.9950056
201880511,2,7,37.4132126,-121.9955051,101,10.41,2.8,250,125,328,1039,52,-418,37.4117526,-121.9950056
201980972,2,7,37.4132220,-121.9955041,101,10.57,4.4,250,125,327,1053,82,-407,37.4117526,-121.9950056
202080962,2,7,37.4132316,-121.9955030,101,10.71,4.9,250,125,327,1067,92,-372,37.4117526,-121.9950056
202181194,2,7,37.4132412,-121.9955017,102,10.80,5.6,250,125,326,1075,106,-375,37.4117526,-121.9950056
202282183,2,7,37.4132509,-121.9955003,102,10.76,6.3,250,125,326,1069,119,-372,37.4117526,-121.9950056
202382654,2,7,37.4132607,-121.9954986,103,10.95,7.1,250,125,325,1087,136,-368,37.4117526,-121.9950056
202482913,2,7,37.4132704,-121.9954969,103,10.83,8.3,250,125,325,1072,156,-365,37.4117526,-121.9950056
202583030,2,7,37.4132801,-121.9954948,104,10.98,9.2,250,125,325,1084,175,-371,37.4117526,-121.9950056
202683492,2,7,37.4132898,-121.9954925,104,10.93,10.7,250,125,324,1074,204,-373,37.4117526,-121.9950056
202783934,2,7,37.4132995,-121.9954900,104,11.00,11.1,250,125,324,1080,212,-383,37.4117526,-121.9950056
202885787,2,7,37.4133092,-121.9954872,105,10.99,12.6,250,125,323,1072,241,-402,37.4117526,-121.9950056
202985245,2,7,37.4133188,-121.9954842,105,11.01,13.7,250,125,323,1069,261,-410,37.4117526,-121.9950056
203086010,2,7,37.4133284,-121.9954809,106,10.99,14.9,250,125,323,1061,284,-413,37.4117526,-121.9950056
203186597,2,7,37.4133379,-121.9954775,106,11.06,15.9,250,125,322,1063,304,-399,37.4117526,-121.9950056
203286826,2,7,37.4133475,-121.9954737,107,11.28,16.7,250,125,322,1080,325,-382,37.4117526,-121.9950056
203313549,2,7,37.4133475,-121.9954737,107,11.28,16.7,250,125,322,1080,325,-382,37.4117526,-121.9950056
203367009,2,7,37.4133571,-121.9954698,107,11.35,17.5,250,125,322,1082,341,-376,37.4117526,-121.9950056
203467638,2,7,37.4133666,-121.9954658,108,10.93,17.8,250,125,321,1041,335,-390,37.4117526,-121.9950056
203567930,2,7,37.4133760,-121.9954623,108,10.87,15.1,250,125,321,1049,284,-414,37.4117526,-121.9950056
203668467,2,7,37.4133856,-121.9954595,109,11.11,12.2,250,125,322,1086,235,-372,37.4117526,-121.9950056
203769363,2,7,37.4133954,-121.9954574,109,11.15,9.4,250,126,322,1100,183,-309,37.4117526,-121.9950056
203869542,2,7,37.4134053,-121.9954566,109,11.07,2.8,250,126,322,1106,54,-247,37.4117526,-121.9950056
203970193,2,7,37.4134148,-121.9954585,109,10.71,349.5,250,126,323,1053,-194,-167,37.4117526,-121.9950056
204070705,2,7,37.4134231,-121.9954630,109,9.92,337.1,250,127,324,914,-386,-58,37.4117526,-121.9950056
204171234,2,7,37.4134296,-121.9954706,109,9.86,315.1,250,127,325,699,-695,74,37.4117526,-121.9950056
204271855,2,7,37.4134348,-121.9954806,108,10.52,303.2,250,128,326,577,-879,162,37.4117526,-121.9950056
204372705,2,7,37.4134389,-121.9954919,108,11.01,293.9,250,128,327,447,-1006,226,37.4117526,-121.9950056
204473394,2,7,37.4134409,-121.9955047,108,11.57,279.2,250,129,328,186,-1142,207,37.4117526,-121.9950056
204574118,2,7,37.4134413,-121.9955185,108,12.35,270.6,250,129,329,13,-1235,174,37.4117526,-121.9950056
204674374,2,7,37.4134410,-121.9955329,108,12.78,267.5,250,130,330,-55,-1277,144,37.4117526,-121.9950056
204774421,2,7,37.4134394,-121.9955474,108,13.22,260.3,250,130,331,-222,-1303,24,37.4117526,-121.9950056
204875082,2,7,37.4134357,-121.9955615,108,13.45,249.4,250,131,332,-471,-1260,-166,37.4117526,-121.9950056
204976273,2,7,37.4134302,-121.9955749,108,13.57,241.3,250,131,333,-651,-1191,-274,37.4117526,-121.9950056
205076774,2,7,37.4134235,-121.9955879,109,13.77,237.5,250,132,334,-739,-1161,-270,37.4117526,-121.9950056
205177071,2,7,37.4134160,-121.9956004,109,13.89,232.1,250,132,334,-852,-1097,-276,37.4117526,-121.9950056
205278414,2,7,37.4134070,-121.9956119,109,13.93,223.2,250,133,335,-1014,-955,-303,37.4117526,-121.9950056
205379428,2,7,37.4133960,-121.9956211,109,14.39,211.9,250,133,337,-1221,-762,-309,37.4117526,-121.9950056
205467787,2,7,37.4133960,-121.9956211,109,14.39,211.9,250,133,337,-1221,-762,-309,37.4117526,-121.9950056
205480552,2,7,37.4133838,-121.9956285,110,14.92,204.8,250,134,338,-1354,-626,-275,37.4117526,-121.9950056
205581138,2,7,37.4133706,-121.9956346,110,15.40,199.8,250,135,339,-1448,-523,-240,37.4117526,-121.9950056
205682128,2,7,37.4133567,-121.9956392,110,15.82,194.3,250,136,340,-1533,-392,-225,37.4117526,-121.9950056
205783051,2,7,37.4133420,-121.9956432,110,16.67,192.3,250,136,340,-1628,-356,-168,37.4117526,-121.9950056
205863951,2,7,37.4133272,-121.9956476,110,17.08,193.8,250,137,341,-1658,-410,-27,37.4117526,-121.9950056
205964281,2,7,37.4133126,-121.9956519,110,16.86,193.9,250,137,341,-1636,-407,75,37.4117526,-121.9950056
206065009,2,7,37.4132974,-121.9956565,110,17.32,194.1,250,137,340,-1679,-423,70,37.4117526,-121.9950056
206166182,2,7,37.4132820,-121.9956612,110,17.55,193.7,250,137,340,-1705,-417,38,37.4117526,-121.9950056
206266564,2,7,37.4132665,-121.9956663,110,17.86,194.6,250,137,339,-1728,-452,-7,37.4117526,-121.9950056
206367119,2,7,37.4132507,-121.9956715,111,18.03,195.2,250,137,339,-1739,-475,-50,37.4117526,-121.9950056
206468090,2,7,37.4132349,-121.9956768,111,18.14,195.7,250,137,338,-1745,-493,-111,37.4117526,-121.9950056
206568224,2,7,37.4132191,-121.9956824,111,18.18,196.2,250,137,337,-1745,-510,-152,37.4117526,-121.9950056
206669457,2,7,37.4132034,-121.9956879,111,18.10,196.4,250,137,337,-1736,-511,-208,37.4117526,-121.9950056
206769589,2,7,37.4131877,-121.9956936,112,18.16,196.8,250,137,336,-1738,-525,-246,37.4117526,-121.9950056
206870646,2,7,37.4131722,-121.9956997,112,18.09,197.7,250,137,336,-1723,-551,-280,37.4117526,-121.9950056
206971167,2,7,37.4131567,-121.9957057,112,17.99,198.1,250,137,335,-1710,-559,-306,37.4117526,-121.9950056
207071707,2,7,37.4131413,-121.9957119,113,17.98,198.3,250,137,335,-1707,-565,-360,37.4117526,-121.9950056
207172103,2,7,37.4131255,-121.9957184,113,18.60,198.4,250,137,335,-1764,-590,-308,37.4117526,-121.9950056
207272569,2,7,37.4131095,-121.9957257,113,19.32,201.1,250,137,335,-1802,-698,-180,37.4117526,-121.9950056
207372974,2,7,37.4130930,-121.9957334,114,19.74,200.5,250,137,334,-1848,-694,-128,37.4117526,-121.9950056
207473332,2,7,37.4130761,-121.9957379,114,19.28,190.6,250,138,334,-1895,-357,-169,37.4117526,-121.9950056
207573936,2,7,37.4130590,-121.9957373,115,18.84,176.5,250,139,334,-1881,112,-276,37.4117526,-121.9950056
207610903,2,7,37.4130590,-121.9957373,115,18.84,176.5,250,139,334,-1881,112,-276,37.4117526,-121.9950056
207675053,2,7,37.4130419,-121.9957333,115,19.31,167.9,250,139,334,-1888,404,-336,37.4117526,-121.9950056
207775428,2,7,37.4130244,-121.9957270,116,20.35,163.0,250,140,334,-1946,594,-338,37.4117526,-121.9950056
207876163,2,7,37.4130075,-121.9957170,116,21.23,154.2,250,140,334,-1912,922,-322,37.4117526,-121.9950056
207976735,2,7,37.4129915,-121.9957033,116,22.08,145.3,250,141,334,-1815,1256,-300,37.4117526,-121.9950056
208077104,2,7,37.4129756,-121.9956868,117,23.30,140.2,250,141,335,-1791,1489,-254,37.4117526,-121.9950056
208177364,2,7,37.4129604,-121.9956686,117,23.98,135.9,250,142,335,-1723,1667,-127,37.4117526,-121.9950056
208277885,2,7,37.4129482,-121.9956488,116,23.14,128.9,250,143,336,-1454,1800,70,37.4117526,-121.9950056
208379107,2,7,37.4129378,-121.9956289,116,22.10,125.3,250,144,336,-1278,1803,283,37.4117526,-121.9950056
208479883,2,7,37.4129286,-121.9956099,115,20.61,123.9,250,145,337,-1151,1710,518,37.4117526,-121.9950056
208580434,2,7,37.4129240,-121.9955926,113,17.40,116.8,250,146,337,-787,1552,832,37.4117526,-121.9950056
208681747,2,7,37.4129227,-121.9955792,111,12.94,110.4,250,148,337,-452,1213,1125,37.4117526,-121.9950056
208762191,2,7,37.4129228,-121.9955696,109,9.09,106.7,250,149,338,-261,871,1360,37.4117526,-121.9950056
208862721,2,7,37.4129230,-121.9955657,107,3.91,111.9,250,151,339,-146,363,1545,37.4117526,-121.9950056
208963188,2,7,37.4129211,-121.9955672,105,1.87,111.9,250,153,339,-138,-126,1652,37.4117526,-121.9950056
209064065,2,7,37.4129200,-121.9955722,102,4.58,260.4,250,154,339,-76,-451,1726,37.4117526,-121.9950056
209164334,2,7,37.4129143,-121.9955800,100,7.77,248.9,250,156,340,-279,-725,1735,37.4117526,-121.9950056
209264933,2,7,37.4129088,-121.9955920,98,11.46,248.8,250,158,340,-413,-1069,1763,37.4117526,-121.9950056
209365407,2,7,37.4129043,-121.9956088,97,15.59,252.9,250,160,341,-456,-1491,1675,37.4117526,-121.9950056
209465757,2,7,37.4128969,-121.9956309,96,20.57,250.8,250,161,342,-676,-1943,1473,37.4117526,-121.9950056
209566342,2,7,37.4128906,-121.9956532,95,21.17,250.2,250,164,343,-716,-1992,1208,37.4117526,-121.9950056
209667371,2,7,37.4128840,-121.9956755,95,21.25,248.7,250,166,345,-768,-1981,980,37.4117526,-121.9950056
209765550,2,7,37.4128840,-121.9956755,95,21.25,248.7,250,166,345,-768,-1981,980,37.4117526,-121.9950056
209768588,2,7,37.4128789,-121.9956970,95,20.51,249.3,250,168,346,-722,-1920,747,37.4117526,-121.9950056
209868783,2,7,37.4128759,-121.9957169,96,19.10,252.1,250,170,348,-584,-1818,502,37.4117526,-121.9950056
209969735,2,7,37.4128744,-121.9957335,97,16.49,254.6,250,172,349,-437,-1590,251,37.4117526,-121.9950056
210070873,2,7,37.4128756,-121.9957476,97,13.90,262.5,250,174,351,-181,-1378,96,37.4117526,-121.9950056
210171740,2,7,37.4128773,-121.9957602,98,12.25,268.9,250,175,353,-21,-1225,-71,37.4117526,-121.9950056
210272633,2,7,37.4128801,-121.9957707,99,10.59,277.2,250,178,355,133,-1050,-186,37.4117526,-121.9950056
210372762,2,7,37.4128844,-121.9957811,99,10.14,287.4,250,181,358,303,-968,-188,37.4117526,-121.9950056
210473353,2,7,37.4128912,-121.9957892,99,9.55,301.6,250,184,361,501,-813,-201,37.4117526,-121.9950056
210574147,2,7,37.4129019,-121.9957972,100,11.14,316.0,250,186,364,802,-774,-236,37.4117526,-121.9950056
210674463,2,7,37.4129121,-121.9958042,101,11.81,323.1,250,189,367,945,-708,-285,37.4117526,-121.9950056
210775059,2,7,37.4129228,-121.9958101,102,12.28,328.5,250,191,370,1047,-641,-387,37.4117526,-121.9950056
210875569,2,7,37.4129346,-121.9958138,102,12.49,338.3,250,193,373,1161,-460,-417,37.4117526,-121.9950056
210976096,2,7,37.4129468,-121.9958153,102,12.71,349.8,250,195,376,1251,-223,-354,37.4117526,-121.9950056
211076129,2,7,37.4129599,-121.9958140,103,13.42,0.4,250,197,379,1342,11,-302,37.4117526,-121.9950056
211176273,2,7,37.4129725,-121.9958106,103,13.83,9.0,250,199,383,1365,218,-237,37.4117526,-121.9950056
211257327,2,7,37.4129853,-121.9958054,103,14.32,14.8,250,200,386,1384,367,-212,37.4117526,-121.9950056
211358252,2,7,37.4129973,-121.9957978,103,14.61,22.5,250,201,388,1349,560,-194,37.4117526,-121.9950056
211457804,2,7,37.4130097,-121.9957892,103,15.38,27.4,250,202,391,1365,708,-139,37.4117526,-121.9950056
211558428,2,7,37.4130222,-121.9957786,102,16.54,34.1,250,203,393,1368,929,7,37.4117526,-121.9950056
211658964,2,7,37.4130344,-121.9957650,101,17.76,40.6,250,204,393,1347,1158,108,37.4117526,-121.9950056
211760242,2,7,37.4130459,-121.9957531,100,17.06,40.9,250,204,392,1287,1119,224,37.4117526,-121.9950056
211861180,2,7,37.4130577,-121.9957423,99,16.68,39.6,250,204,392,1284,1065,380,37.4117526,-121.9950056
211922148,2,7,37.4130577,-121.9957423,99,16.68,39.6,250,204,392,1284,1065,380,37.4117526,-121.9950056
211962119,2,7,37.4130706,-121.9957313,98,17.02,35.6,250,205,394,1384,991,388,37.4117526,-121.9950056
212062787,2,7,37.4130825,-121.9957239,98,15.20,29.0,250,206,396,1329,738,400,37.4117526,-121.9950056
212163624,2,7,37.4130947,-121.9957229,96,13.42,13.6,250,207,399,1305,316,495,37.4117526,-121.9950056
212263903,2,7,37.4131060,-121.9957275,95,11.89,354.0,250,208,402,1182,-122,607,37.4117526,-121.9950056
212364468,2,7,37.4131175,-121.9957358,93,12.63,339.3,250,209,405,1182,-445,716,37.4117526,-121.9950056
212464542,2,7,37.4131297,-121.9957462,92,14.55,331.5,250,210,409,1279,-694,754,37.4117526,-121.9950056
212565610,2,7,37.4131428,-121.9957583,91,16.42,327.2,250,211,412,1381,-889,774,37.4117526,-121.9950056
212665822,2,7,37.4131569,-121.9957662,90,16.66,332.1,250,212,416,1473,-778,817,37.4117526,-121.9950056
212766717,2,7,37.4131718,-121.9957706,89,16.32,340.8,250,213,419,1541,-536,934,37.4117526,-121.9950056
212868343,2,7,37.4131857,-121.9957724,87,14.62,350.1,250,214,421,1441,-251,1062,37.4117526,-121.9950056
212969133,2,7,37.4131980,-121.9957703,86,13.29,0.8,250,215,424,1329,20,1092,37.4117526,-121.9950056
213069502,2,7,37.4132097,-121.9957652,85,13.21,12.8,250,216,426,1287,294,1115,37.4117526,-121.9950056
213170520,2,7,37.4132212,-121.9957599,84,13.34,17.6,250,217,428,1271,405,1119,37.4117526,-121.9950056
213272290,2,7,37.4132332,-121.9957531,83,14.26,20.7,250,218,431,1334,505,1093,37.4117526,-121.9950056
213372992,2,7,37.4132467,-121.9957457,81,15.67,25.2,250,219,435,1417,669,1161,37.4117526,-121.9950056
213473113,2,7,37.4132587,-121.9957373,80,15.32,29.3,250,220,439,1336,749,1192,37.4117526,-121.9950056
213573740,2,7,37.4132673,-121.9957285,79,12.83,36.6,250,220,442,1030,765,1189,37.4117526,-121.9950056
213654216,2,7,37.4132711,-121.9957172,78,10.78,56.7,250,221,446,591,902,1194,37.4117526,-121.9950056
213754910,2,7,37.4132695,-121.9957077,77,7.95,92.3,250,222,451,-32,794,1146,37.4117526,-121.9950056
213855980,2,7,37.4132637,-121.9957010,76,7.66,131.2,250,223,456,-505,576,1111,37.4117526,-121.9950056
213957341,2,7,37.4132515,-121.9956973,75,11.59,165.9,250,223,461,-1124,280,1049,37.4117526,-121.9950056
214057643,2,7,37.4132342,-121.9956976,74,17.24,178.3,250,224,466,-1724,48,1115,37.4117526,-121.9950056
214079781,2,7,37.4132342,-121.9956976,74,17.24,178.3,250,224,466,-1724,48,1115,37.4117526,-121.9950056
214158132,2,7,37.4132148,-121.9957021,71,20.88,185.8,250,225,472,-2078,-212,1243,37.4117526,-121.9950056
214258568,2,7,37.4131941,-121.9957083,69,23.38,190.4,250,225,476,-2300,-423,1296,37.4117526,-121.9950056
214359825,2,7,37.4131761,-121.9957197,67,22.87,198.8,250,226,480,-2165,-738,1422,37.4117526,-121.9950056
214461096,2,7,37.4131591,-121.9957328,64,22.16,204.6,250,227,485,-2013,-926,1562,37.4117526,-121.9950056
214561014,2,7,37.4131442,-121.9957454,62,20.55,209.1,250,227,488,-1794,-1002,1609,37.4117526,-121.9950056
214661303,2,7,37.4131318,-121.9957574,60,18.40,213.8,250,228,492,-1529,-1024,1615,37.4117526,-121.9950056
214762310,2,7,37.4131218,-121.9957678,59,16.08,217.8,250,229,496,-1269,-988,1547,37.4117526,-121.9950056
214863403,2,7,37.4131132,-121.9957754,60,13.99,218.6,251,230,500,-1092,-874,1383,37.4117526,-121.9950056
214964169,2,7,37.4131066,-121.9957813,60,11.74,220.0,251,231,504,-898,-755,1206,37.4117526,-121.9950056
215064644,2,7,37.4131024,-121.9957874,61,9.96,228.3,251,232,509,-662,-743,1020,37.4117526,-121.9950056
215165468,2,7,37.4131000,-121.9957941,61,8.53,237.7,251,233,514,-455,-721,902,37.4117526,-121.9950056
215266060,2,7,37.4131003,-121.9957986,62,6.85,252.1,251,235,517,-209,-653,705,37.4117526,-121.9950056
215366227,2,7,37.4131017,-121.9958031,64,6.30,265.5,251,236,520,-49,-628,524,37.4117526,-121.9950056
215466912,2,7,37.4131016,-121.9958066,66,5.96,264.6,251,238,521,-66,-593,303,37.4117526,-121.9950056
215567313,2,7,37.4131016,-121.9958110,67,6.24,264.0,251,240,522,-70,-620,103,37.4117526,-121.9950056
215667824,2,7,37.4131013,-121.9958142,69,5.57,262.6,251,241,524,-86,-550,-85,37.4117526,-121.9950056
215768212,2,7,37.4131007,-121.9958170,71,5.02,259.9,251,243,525,-111,-489,-255,37.4117526,-121.9950056
215868705,2,7,37.4130994,-121.9958172,74,3.81,252.6,251,243,525,-167,-342,-455,37.4117526,-121.9950056
215969748,2,7,37.4130985,-121.9958165,76,2.32,242.9,251,244,525,-165,-162,-573,37.4117526,-121.9950056
216070856,2,7,37.4130969,-121.9958143,77,2.11,210.6,251,244,526,-209,25,-655,37.4117526,-121.9950056
216171227,2,7,37.4130940,-121.9958112,79,3.38,158.0,251,244,524,-313,126,-768,37.4117526,-121.9950056
216240403,2,7,37.4130940,-121.9958112,79,3.38,158.0,251,244,524,-313,126,-768,37.4117526,-121.9950056
216271994,2,7,37.4130898,-121.9958090,80,4.47,162.5,251,245,522,-426,134,-843,37.4117526,-121.9950056
216352490,2,7,37.4130843,-121.9958086,82,5.48,174.4,251,245,520,-546,53,-889,37.4117526,-121.9950056
216453061,2,7,37.4130775,-121.9958093,83,6.54,182.4,251,244,516,-653,-27,-914,37.4117526,-121.9950056
216553088,2,7,37.4130692,-121.9958109,83,8.04,186.4,251,244,512,-799,-90,-908,37.4117526,-121.9950056
216654023,2,7,37.4130594,-121.9958117,84,9.35,184.1,251,244,506,-932,-67,-899,37.4117526,-121.9950056
216754492,2,7,37.4130489,-121.9958113,85,10.43,179.6,251,243,500,-1043,6,-866,37.4117526,-121.9950056
216855175,2,7,37.4130376,-121.9958080,86,10.98,174.4,251,242,490,-1093,107,-857,37.4117526,-121.9950056
216955899,2,7,37.4130263,-121.9958043,87,11.59,169.4,251,241,484,-1139,212,-833,37.4117526,-121.9950056
217056461,2,7,37.4130140,-121.9957998,88,12.52,165.4,251,240,477,-1212,313,-794,37.4117526,-121.9950056
217156939,2,7,37.4130008,-121.9957953,88,13.49,163.1,251,240,468,-1291,390,-700,37.4117526,-121.9950056
217257645,2,7,37.4129859,-121.9957906,88,14.97,162.3,251,239,459,-1427,453,-584,37.4117526,-121.9950056
217358454,2,7,37.4129693,-121.9957862,88,16.16,163.6,251,238,450,-1550,454,-382,37.4117526,-121.9950056
217459247,2,7,37.4129529,-121.9957819,88,16.77,165.9,251,237,445,-1627,406,-265,37.4117526,-121.9950056
217558815,2,7,37.4129387,-121.9957777,88,15.81,167.3,251,236,441,-1543,347,-364,37.4117526,-121.9950056
217659129,2,7,37.4129263,-121.9957743,89,14.29,168.5,251,236,440,-1400,283,-471,37.4117526,-121.9950056
217760291,2,7,37.4129141,-121.9957699,90,14.04,164.7,251,236,438,-1354,369,-554,37.4117526,-121.9950056
217860870,2,7,37.4128999,-121.9957651,91,15.60,162.5,251,236,435,-1488,468,-538,37.4117526,-121.9950056
217962128,2,7,37.4128859,-121.9957589,91,16.38,160.0,251,236,430,-1540,559,-498,37.4117526,-121.9950056
218062989,2,7,37.4128709,-121.9957522,91,17.31,158.8,251,235,425,-1614,624,-424,37.4117526,-121.9950056
218163468,2,7,37.4128552,-121.9957451,91,18.20,158.3,251,234,420,-1691,672,-285,37.4117526,-121.9950056
218263999,2,7,37.4128394,-121.9957383,91,18.59,158.9,251,234,418,-1735,666,-178,37.4117526,-121.9950056
218364557,2,7,37.4128240,-121.9957310,92,18.32,158.8,251,233,417,-1709,659,-223,37.4117526,-121.9950056
218396061,2,7,37.4128240,-121.9957310,92,18.32,158.8,251,233,417,-1709,659,-223,37.4117526,-121.9950056
218464726,2,7,37.4128100,-121.9957239,92,17.05,158.5,251,232,416,-1587,624,-274,37.4117526,-121.9950056
218565067,2,7,37.4127957,-121.9957176,93,16.89,159.8,251,232,414,-1586,581,-349,37.4117526,-121.9950056
218665391,2,7,37.4127800,-121.9957119,93,17.94,161.6,251,231,413,-1703,564,-324,37.4117526,-121.9950056
218766409,2,7,37.4127628,-121.9957072,93,18.73,165.2,251,231,411,-1811,477,-164,37.4117526,-121.9950056
218867692,2,7,37.4127464,-121.9957017,93,18.85,163.7,251,230,409,-1809,528,-172,37.4117526,-121.9950056
218968141,2,7,37.4127307,-121.9956957,94,18.48,163.4,251,230,408,-1771,526,-264,37.4117526,-121.9950056
219048885,2,7,37.4127162,-121.9956888,94,17.77,160.7,251,230,407,-1677,585,-382,37.4117526,-121.9950056
219149149,2,7,37.4127024,-121.9956794,95,18.12,152.4,251,231,407,-1606,839,-429,37.4117526,-121.9950056
219249810,2,7,37.4126881,-121.9956686,95,18.76,149.4,251,231,407,-1615,954,-410,37.4117526,-121.9950056
219350471,2,7,37.4126738,-121.9956566,96,19.33,146.7,251,231,406,-1615,1061,-406,37.4117526,-121.9950056
219450926,2,7,37.4126599,-121.9956433,96,19.56,143.4,251,231,406,-1572,1164,-409,37.4117526,-121.9950056
219552214,2,7,37.4126457,-121.9956291,96,20.19,141.3,251,231,405,-1577,1260,-381,37.4117526,-121.9950056
219652636,2,7,37.4126304,-121.9956152,96,20.90,143.0,251,231,405,-1669,1257,-333,37.4117526,-121.9950056
219752394,2,7,37.4126147,-121.9956022,97,20.95,145.2,251,231,404,-1721,1195,-302,37.4117526,-121.9950056
219852929,2,7,37.4125989,-121.9955883,97,21.57,144.6,251,231,403,-1760,1246,-272,37.4117526,-121.9950056
219953765,2,7,37.4125827,-121.9955738,97,22.14,143.8,251,230,401,-1789,1304,-232,37.4117526,-121.9950056
220053875,2,7,37.4125662,-121.9955589,97,22.72,143.3,251,230,399,-1823,1356,-186,37.4117526,-121.9950056
220154621,2,7,37.4125493,-121.9955438,97,23.31,143.6,251,229,397,-1877,1381,-117,37.4117526,-121.9950056
220254777,2,7,37.4125325,-121.9955287,97,23.18,143.7,251,229,396,-1869,1371,-123,37.4117526,-121.9950056
220355894,2,7,37.4125165,-121.9955145,98,21.58,145.1,251,228,395,-1772,1232,-219,37.4117526,-121.9950056
220456902,2,7,37.4125011,-121.9955011,98,20.97,145.4,251,228,395,-1728,1189,-257,37.4117526,-121.9950056
220553318,2,7,37.4125011,-121.9955011,98,20.97,145.4,251,228,395,-1728,1189,-257,37.4117526,-121.9950056
220557446,2,7,37.4124864,-121.9954877,98,20.43,144.3,251,228,395,-1660,1191,-300,37.4117526,-121.9950056
220658021,2,7,37.4124728,-121.9954739,99,19.86,142.1,251,228,395,-1569,1218,-377,37.4117526,-121.9950056
220758754,2,7,37.4124600,-121.9954595,100,19.44,139.4,251,227,394,-1477,1263,-469,37.4117526,-121.9950056
220859193,2,7,37.4124473,-121.9954452,101,19.22,138.5,251,227,394,-1441,1271,-537,37.4117526,-121.9950056
220959855,2,7,37.4124346,-121.9954308,101,19.04,137.9,251,227,393,-1413,1276,-580,37.4117526,-121.9950056
221060587,2,7,37.4124222,-121.9954162,102,18.96,137.0,251,226,393,-1388,1290,-615,37.4117526,-121.9950056
221161659,2,7,37.4124100,-121.9954017,103,18.85,136.4,251,226,392,-1365,1299,-638,37.4117526,-121.9950056
221261771,2,7,37.4123978,-121.9953871,104,18.85,135.8,251,226,391,-1352,1312,-636,37.4117526,-121.9950056
221361989,2,7,37.4123858,-121.9953724,104,18.92,135.0,251,225,390,-1340,1335,-630,37.4117526,-121.9950056
221463059,2,7,37.4123736,-121.9953575,105,19.11,135.5,251,225,390,-1364,1338,-578,37.4117526,-121.9950056
221564320,2,7,37.4123609,-121.9953428,105,19.48,137.1,251,225,390,-1429,1324,-525,37.4117526,-121.9950056
221664816,2,7,37.4123478,-121.9953282,106,19.62,138.1,251,224,389,-1462,1309,-491,37.4117526,-121.9950056
221746117,2,7,37.4123345,-121.9953137,106,19.91,138.4,251,224,389,-1491,1319,-449,37.4117526,-121.9950056
221867078,2,7,37.4123217,-121.9952986,107,20.00,136.6,251,224,389,-1455,1373,-392,37.4117526,-121.9950056
221967668,2,7,37.4123094,-121.9952827,107,20.26,133.3,251,224,389,-1390,1473,-299,37.4117526,-121.9950056
222067698,2,7,37.4122993,-121.9952652,107,20.22,126.1,251,224,389,-1194,1631,-175,37.4117526,-121.9950056
222167767,2,7,37.4122915,-121.9952464,106,19.84,117.8,251,223,389,-928,1754,-34,37.4117526,-121.9950056
222268353,2,7,37.4122862,-121.9952272,106,19.08,109.4,251,223,389,-637,1799,129,37.4117526,-121.9950056
222369392,2,7,37.4122828,-121.9952085,105,17.98,102.7,251,223,389,-396,1754,296,37.4117526,-121.9950056
222470044,2,7,37.4122819,-121.9951902,104,17.05,94.7,251,223,389,-142,1699,450,37.4117526,-121.9950056
222570438,2,7,37.4122817,-121.9951727,103,16.34,91.8,251,223,389,-53,1633,602,37.4117526,-121.9950056
222651058,2,7,37.4122823,-121.9951560,102,15.69,88.3,251,223,388,44,1568,772,37.4117526,-121.9950056
222708611,2,7,37.4122823,-121.9951560,102,15.69,88.3,251,223,388,44,1568,772,37.4117526,-121.9950056
222771867,2,7,37.4122836,-121.9951394,101,15.51,85.8,251,223,388,111,1547,914,37.4117526,-121.9950056
222852841,2,7,37.4122850,-121.9951227,99,15.47,84.7,251,223,387,141,1541,1038,37.4117526,-121.9950056
222953720,2,7,37.4122867,-121.9951057,98,15.67,84.0,251,223,387,161,1559,1152,37.4117526,-121.9950056
223053971,2,7,37.4122885,-121.9950890,96,15.38,82.6,251,224,386,195,1525,1255,37.4117526,-121.9950056
223154783,2,7,37.4122911,-121.9950727,95,15.00,79.6,251,224,385,269,1476,1365,37.4117526,-121.9950056
223255437,2,7,37.4122942,-121.9950566,93,14.95,77.3,251,224,385,328,1458,1463,37.4117526,-121.9950056
223356198,2,7,37.4122974,-121.9950407,91,14.95,76.8,251,224,384,341,1456,1558,37.4117526,-121.9950056
223456464,2,7,37.4123010,-121.9950247,89,14.94,74.7,251,224,383,392,1441,1634,37.4117526,-121.9950056
223557305,2,7,37.4123050,-121.9950090,88,14.80,73.1,251,224,382,429,1417,1718,37.4117526,-121.9950056
223657612,2,7,37.4123096,-121.9949939,86,14.40,69.6,251,224,381,501,1350,1785,37.4117526,-121.9950056
223757880,2,7,37.4123147,-121.9949795,84,14.03,66.4,251,224,380,561,1286,1844,37.4117526,-121.9950056
223858308,2,7,37.4123200,-121.9949653,82,14.11,66.4,251,224,379,564,1294,1909,37.4117526,-121.9950056
223958952,2,7,37.4123261,-121.9949518,80,13.67,60.9,251,224,378,664,1194,1952,37.4117526,-121.9950056
224059916,2,7,37.4123347,-121.9949403,78,13.31,45.2,251,224,377,937,946,1944,37.4117526,-121.9950056
224161175,2,7,37.4123467,-121.9949327,76,14.20,23.4,251,224,376,1303,564,1842,37.4117526,-121.9950056
224262329,2,7,37.4123614,-121.9949285,75,15.91,10.2,251,224,375,1565,283,1706,37.4117526,-121.9950056
224362543,2,7,37.4123767,-121.9949257,73,16.63,8.0,251,224,375,1647,233,1649,37.4117526,-121.9950056
224463294,2,7,37.4123915,-121.9949228,72,16.41,9.6,251,224,374,1618,275,1639,37.4117526,-121.9950056
224563981,2,7,37.4124067,-121.9949202,70,16.88,7.5,251,223,373,1673,221,1602,37.4117526,-121.9950056
224664402,2,7,37.4124224,-121.9949184,69,17.33,4.3,251,223,372,1728,130,1549,37.4117526,-121.9950056
224765348,2,7,37.4124378,-121.9949166,67,16.97,5.9,251,222,371,1687,175,1558,37.4117526,-121.9950056
224858704,2,7,37.4124378,-121.9949166,67,16.97,5.9,251,222,371,1687,175,1558,37.4117526,-121.9950056
224865868,2,7,37.4124533,-121.9949148,66,16.93,5.2,251,221,369,1686,154,1560,37.4117526,-121.9950056
224966231,2,7,37.4124686,-121.9949132,64,16.73,5.1,251,220,368,1666,149,1565,37.4117526,-121.9950056
225066656,2,7,37.4124844,-121.9949122,63,17.23,2.5,251,220,367,1721,76,1517,37.4117526,-121.9950056
225147074,2,7,37.4125015,-121.9949125,62,18.71,356.8,251,219,365,1868,-103,1368,37.4117526,-121.9950056
225247519,2,7,37.4125186,-121.9949140,60,18.57,356.3,251,218,364,1853,-117,1324,37.4117526,-121.9950056
225348012,2,7,37.4125352,-121.9949154,59,18.07,357.2,251,217,363,1805,-85,1324,37.4117526,-121.9950056
225448834,2,7,37.4125518,-121.9949164,58,18.01,357.3,251,216,362,1799,-82,1318,37.4117526,-121.9950056
225549874,2,7,37.4125683,-121.9949175,57,17.87,357.1,251,216,361,1785,-88,1316,37.4117526,-121.9950056
225650270,2,7,37.4125845,-121.9949190,55,17.70,356.3,251,215,359,1766,-114,1330,37.4117526,-121.9950056
225751089,2,7,37.4126005,-121.9949204,54,17.46,355.7,251,214,358,1741,-129,1329,37.4117526,-121.9950056
225851851,2,7,37.4126164,-121.9949222,53,17.38,355.0,251,213,357,1732,-150,1343,37.4117526,-121.9950056
225953133,2,7,37.4126322,-121.9949241,52,17.25,354.8,251,213,356,1718,-154,1349,37.4117526,-121.9950056
226053460,2,7,37.4126475,-121.9949262,50,17.03,354.2,251,212,355,1694,-171,1366,37.4117526,-121.9950056
226153835,2,7,37.4126629,-121.9949288,49,17.20,352.0,251,211,354,1704,-236,1351,37.4117526,-121.9950056
226254737,2,7,37.4126786,-121.9949321,48,17.46,349.5,251,210,353,1717,-316,1321,37.4117526,-121.9950056
226355301,2,7,37.4126945,-121.9949362,47,17.81,347.4,251,210,352,1738,-386,1274,37.4117526,-121.9950056
226455715,2,7,37.4127105,-121.9949411,45,17.85,345.4,251,209,351,1728,-449,1238,37.4117526,-121.9950056
226556746,2,7,37.4127263,-121.9949463,44,17.73,344.8,251,208,351,1711,-464,1226,37.4117526,-121.9950056
226657171,2,7,37.4127421,-121.9949519,43,17.76,343.0,251,207,350,1699,-517,1190,37.4117526,-121.9950056
226757901,2,7,37.4127580,-121.9949587,42,18.53,338.3,251,206,349,1722,-682,1020,37.4117526,-121.9950056
226858636,2,7,37.4127739,-121.9949671,42,19.06,334.9,251,206,348,1726,-807,862,37.4117526,-121.9950056
226959245,2,7,37.4127898,-121.9949767,42,18.86,330.6,251,204,348,1645,-923,664,37.4117526,-121.9950056
227010434,2,7,37.4127898,-121.9949767,42,18.86,330.6,251,204,348,1645,-923,664,37.4117526,-121.9950056
227059778,2,7,37.4128048,-121.9949874,41,18.71,327.4,251,202,348,1577,-1006,521,37.4117526,-121.9950056
227159800,2,7,37.4128193,-121.9949985,41,18.07,324.9,251,201,348,1479,-1038,349,37.4117526,-121.9950056
227260190,2,7,37.4128324,-121.9950097,42,16.79,321.0,251,200,349,1306,-1054,166,37.4117526,-121.9950056
227360543,2,7,37.4128437,-121.9950205,42,15.22,317.9,251,198,349,1129,-1020,-37,37.4117526,-121.9950056
227461341,2,7,37.4128536,-121.9950307,43,13.70,315.4,251,197,349,976,-961,-198,37.4117526,-121.9950056
227561960,2,7,37.4128627,-121.9950407,44,12.99,314.5,251,196,350,911,-926,-309,37.4117526,-121.9950056
227662427,2,7,37.4128712,-121.9950504,44,12.30,313.8,251,195,350,851,-888,-387,37.4117526,-121.9950056
227763030,2,7,37.4128791,-121.9950598,45,11.69,313.6,251,194,351,806,-846,-427,37.4117526,-121.9950056
227843197,2,7,37.4128864,-121.9950688,46,11.12,313.6,251,193,351,767,-804,-464,37.4117526,-121.9950056
227943643,2,7,37.4128932,-121.9950773,46,10.44,312.9,251,192,352,712,-764,-499,37.4117526,-121.9950056
228043664,2,7,37.4128995,-121.9950853,47,9.69,311.8,251,191,353,646,-722,-529,37.4117526,-121.9950056
228143957,2,7,37.4129054,-121.9950930,48,9.20,311.2,251,190,354,606,-692,-552,37.4117526,-121.9950056
228244444,2,7,37.4129110,-121.9951005,48,8.70,310.8,251,190,354,568,-658,-562,37.4117526,-121.9950056
228344686,2,7,37.4129163,-121.9951077,49,8.25,309.6,251,189,355,526,-635,-567,37.4117526,-121.9950056
228445022,2,7,37.4129211,-121.9951146,50,7.84,308.4,251,188,356,488,-614,-577,37.4117526,-121.9950056
228545173,2,7,37.4129256,-121.9951212,50,7.23,309.0,251,188,357,455,-562,-570,37.4117526,-121.9950056
228645545,2,7,37.4129298,-121.9951277,51,6.98,306.9,251,187,358,419,-558,-563,37.4117526,-121.9950056
228746100,2,7,37.4129337,-121.9951342,51,6.82,306.1,251,187,360,402,-550,-526,37.4117526,-121.9950056
228846583,2,7,37.4129373,-121.9951405,52,6.56,306.1,251,187,361,387,-529,-478,37.4117526,-121.9950056
228947013,2,7,37.4129412,-121.9951462,52,6.50,310.0,251,186,362,418,-497,-471,37.4117526,-121.9950056
229047505,2,7,37.4129456,-121.9951518,53,6.43,310.6,251,185,363,423,-484,-460,37.4117526,-121.9950056
229148202,2,7,37.4129498,-121.9951572,53,6.22,311.6,251,184,364,422,-458,-452,37.4117526,-121.9950056
229168480,2,7,37.4129498,-121.9951572,53,6.22,311.6,251,184,364,422,-458,-452,37.4117526,-121.9950056
229249035,2,7,37.4129544,-121.9951627,54,6.29,312.2,251,183,365,427,-462,-438,37.4117526,-121.9950056
229349725,2,7,37.4129588,-121.9951683,54,6.19,312.1,251,183,366,415,-459,-409,37.4117526,-121.9950056
229450988,2,7,37.4129631,-121.9951733,55,5.88,312.6,251,182,367,403,-428,-419,37.4117526,-121.9950056
229551334,2,7,37.4129674,-121.9951781,55,5.74,314.3,251,181,368,413,-398,-414,37.4117526,-121.9950056
229651631,2,7,37.4129719,-121.9951827,55,5.72,316.2,251,181,369,426,-381,-410,37.4117526,-121.9950056
229752608,2,7,37.4129760,-121.9951874,56,5.30,315.6,251,180,370,374,-375,-374,37.4117526,-121.9950056
229853918,2,7,37.4129798,-121.9951921,56,5.23,315.9,251,179,371,378,-361,-340,37.4117526,-121.9950056
229954507,2,7,37.4129839,-121.9951965,56,5.12,317.5,251,179,372,387,-335,-323,37.4117526,-121.9950056
230054770,2,7,37.4129878,-121.9952005,56,4.94,318.9,251,178,372,380,-315,-320,37.4117526,-121.9950056
230155773,2,7,37.4129917,-121.9952044,57,4.86,321.1,251,178,373,390,-289,-297,37.4117526,-121.9950056
230256818,2,7,37.4129955,-121.9952081,57,5.12,323.9,251,178,374,427,-281,-263,37.4117526,-121.9950056
230357277,2,7,37.4129994,-121.9952115,57,5.15,327.1,251,177,374,447,-255,-239,37.4117526,-121.9950056
230458075,2,7,37.4130035,-121.9952154,57,5.33,329.0,251,177,375,465,-260,-197,37.4117526,-121.9950056
230558198,2,7,37.4130071,-121.9952192,57,5.37,332.2,251,177,375,489,-223,-192,37.4117526,-121.9950056
230658732,2,7,37.4130108,-121.9952233,57,5.48,335.4,251,177,375,509,-202,-157,37.4117526,-121.9950056
230759060,2,7,37.4130148,-121.9952273,57,5.75,338.1,251,181,385,542,-190,-131,37.4117526,-121.9950056
230859495,2,7,37.4130196,-121.9952298,57,5.92,341.5,251,184,392,571,-155,-125,37.4117526,-121.9950056
230959667,2,7,37.4130249,-121.9952316,57,6.07,345.6,251,184,392,598,-106,-135,37.4117526,-121.9950056
231060167,2,7,37.4130304,-121.9952328,57,6.24,350.4,251,184,391,621,-57,-133,37.4117526,-121.9950056
231140361,2,7,37.4130359,-121.9952337,57,6.25,354.6,251,184,391,625,-16,-130,37.4117526,-121.9950056
231241231,2,7,37.4130416,-121.9952341,57,6.35,358.9,251,183,389,635,32,-124,37.4117526,-121.9950056
231320262,2,7,37.4130416,-121.9952341,57,6.35,358.9,251,183,389,635,32,-124,37.4117526,-121.9950056
231342039,2,7,37.4130473,-121.9952338,58,6.62,2.9,251,183,390,658,74,-106,37.4117526,-121.9950056
231442892,2,7,37.4130532,-121.9952331,58,6.91,6.4,251,183,390,681,116,-94,37.4117526,-121.9950056
231543086,2,7,37.4130592,-121.9952318,58,7.24,10.1,251,182,387,705,167,-83,37.4117526,-121.9950056
231643965,2,7,37.4130655,-121.9952297,58,7.64,14.2,251,179,382,728,231,-63,37.4117526,-121.9950056
231744207,2,7,37.4130719,-121.9952271,58,7.92,17.5,251,176,375,742,277,-44,37.4117526,-121.9950056
231845129,2,7,37.4130786,-121.9952241,58,8.18,20.8,251,174,372,765,291,-28,37.4117526,-121.9950056
231945326,2,7,37.4130854,-121.9952209,58,8.30,21.6,251,174,372,771,306,-12,37.4117526,-121.9950056
232046049,2,7,37.4130923,-121.9952175,58,8.43,22.0,251,174,371,781,317,2,37.4117526,-121.9950056
232146380,2,7,37.4130994,-121.9952139,58,8.49,21.7,251,174,370,788,315,-20,37.4117526,-121.9950056
232247135,2,7,37.4131064,-121.9952099,58,8.69,24.1,251,173,370,793,356,-38,37.4117526,-121.9950056
232347755,2,7,37.4131137,-121.9952057,58,9.01,25.1,251,173,369,815,383,-74,37.4117526,-121.9950056
232448502,2,7,37.4131210,-121.9952012,59,8.76,25.8,251,173,368,788,382,-134,37.4117526,-121.9950056
232549045,2,7,37.4131281,-121.9951966,59,8.67,27.1,251,172,368,771,396,-188,37.4117526,-121.9950056
232649485,2,7,37.4131351,-121.9951918,59,8.77,28.1,251,172,368,773,413,-199,37.4117526,-121.9950056
232750074,2,7,37.4131422,-121.9951870,59,8.88,28.6,251,172,367,780,425,-199,37.4117526,-121.9950056
232850764,2,7,37.4131488,-121.9951817,60,8.68,31.1,251,172,368,743,448,-229,37.4117526,-121.9950056
232931218,2,7,37.4131556,-121.9951766,60,8.64,30.0,251,172,368,747,432,-253,37.4117526,-121.9950056
233032680,2,7,37.4131622,-121.9951713,60,8.44,32.3,251,172,367,713,452,-290,37.4117526,-121.9950056
233133769,2,7,37.4131686,-121.9951660,61,8.43,32.5,251,171,367,711,454,-290,37.4117526,-121.9950056
233234578,2,7,37.4131749,-121.9951607,61,8.13,32.2,251,171,366,688,433,-332,37.4117526,-121.9950056
233335325,2,7,37.4131812,-121.9951556,61,8.08,32.7,251,171,366,680,437,-328,37.4117526,-121.9950056
233436288,2,7,37.4131873,-121.9951507,62,7.92,32.1,251,171,365,671,421,-325,37.4117526,-121.9950056
233479445,2,7,37.4131873,-121.9951507,62,7.92,32.1,251,171,365,671,421,-325,37.4117526,-121.9950056
233536984,2,7,37.4131933,-121.9951459,62,7.83,31.1,251,171,365,670,405,-332,37.4117526,-121.9950056
233637058,2,7,37.4131992,-121.9951412,63,7.61,32.2,251,170,364,643,406,-334,37.4117526,-121.9950056
233737327,2,7,37.4132050,-121.9951366,63,7.58,32.3,251,170,363,641,405,-318,37.4117526,-121.9950056
233837568,2,7,37.4132109,-121.9951324,64,7.53,29.3,251,170,363,657,368,-295,37.4117526,-121.9950056
233939386,2,7,37.4132168,-121.9951291,64,7.27,25.7,251,170,363,674,273,-253,37.4117526,-121.9950056
234040274,2,7,37.4132228,-121.9951264,64,6.98,23.1,251,169,362,655,239,-265,37.4117526,-121.9950056
234141823,2,7,37.4132286,-121.9951245,65,6.75,19.5,251,169,362,650,184,-236,37.4117526,-121.9950056
234242063,2,7,37.4132345,-121.9951234,65,6.65,17.1,251,169,362,644,169,-242,37.4117526,-121.9950056
234342549,2,7,37.4132403,-121.9951220,65,6.65,15.1,251,169,362,647,150,-243,37.4117526,-121.9950056
234443018,2,7,37.4132461,-121.9951211,66,6.52,12.0,251,169,362,645,98,-204,37.4117526,-121.9950056
234544361,2,7,37.4132518,-121.9951208,66,6.37,8.2,251,169,362,635,45,-175,37.4117526,-121.9950056
234645458,2,7,37.4132575,-121.9951211,66,6.36,4.6,251,169,362,636,8,-148,37.4117526,-121.9950056
234746073,2,7,37.4132634,-121.9951217,66,6.60,0.5,251,169,362,659,-34,-160,37.4117526,-121.9950056
234846804,2,7,37.4132691,-121.9951229,66,6.18,356.9,251,169,362,613,-79,-181,37.4117526,-121.9950056
234947641,2,7,37.4132745,-121.9951250,66,6.17,350.8,251,169,362,591,-174,-183,37.4117526,-121.9950056
235047876,2,7,37.4132794,-121.9951281,67,6.02,343.6,251,169,362,547,-251,-173,37.4117526,-121.9950056
235148301,2,7,37.4132841,-121.9951325,67,6.23,335.1,251,169,363,529,-329,-137,37.4117526,-121.9950056
235228544,2,7,37.4132887,-121.9951375,67,6.35,328.8,251,169,363,509,-379,-109,37.4117526,-121.9950056
235329099,2,7,37.4132932,-121.9951425,67,6.20,324.6,251,169,363,481,-391,-116,37.4117526,-121.9950056
235429455,2,7,37.4132977,-121.9951474,67,6.32,321.5,251,169,363,478,-414,-146,37.4117526,-121.9950056
235529914,2,7,37.4133020,-121.9951529,67,6.27,318.5,251,168,364,449,-437,-160,37.4117526,-121.9950056
235630097,2,7,37.4133062,-121.9951583,67,6.37,316.6,251,168,364,450,-450,-175,37.4117526,-121.9950056
235634283,2,7,37.4133062,-121.9951583,67,6.37,316.6,251,168,364,450,-450,-175,37.4117526,-121.9950056
235731429,2,7,37.4133102,-121.9951638,68,6.26,315.2,251,168,364,434,-451,-170,37.4117526,-121.9950056
235831759,2,7,37.4133142,-121.9951692,68,6.26,313.7,251,167,364,421,-463,-199,37.4117526,-121.9950056
235932504,2,7,37.4133181,-121.9951747,68,6.25,312.8,251,167,364,418,-464,-215,37.4117526,-121.9950056
236033572,2,7,37.4133219,-121.9951800,68,6.12,312.6,251,166,364,413,-451,-225,37.4117526,-121.9950056
236133940,2,7,37.4133256,-121.9951856,69,6.24,311.5,251,166,365,405,-474,-191,37.4117526,-121.9950056
236234151,2,7,37.4133293,-121.9951910,69,6.15,311.0,251,165,365,400,-467,-197,37.4117526,-121.9950056
236335261,2,7,37.4133331,-121.9951964,69,6.15,311.0,251,165,365,403,-464,-208,37.4117526,-121.9950056
236435626,2,7,37.4133367,-121.9952018,69,6.17,309.7,251,164,365,385,-482,-211,37.4117526,-121.9950056
236536447,2,7,37.4133401,-121.9952075,70,6.20,307.3,251,164,365,357,-507,-197,37.4117526,-121.9950056
236636858,2,7,37.4133431,-121.9952137,70,6.34,303.3,251,163,366,309,-554,-184,37.4117526,-121.9950056
236737263,2,7,37.4133455,-121.9952204,70,6.59,298.2,251,163,367,244,-612,-181,37.4117526,-121.9950056
236838460,2,7,37.4133469,-121.9952278,70,6.66,289.4,251,164,367,120,-655,-180,37.4117526,-121.9950056
236938725,2,7,37.4133468,-121.9952354,70,7.00,278.0,251,164,368,-36,-699,-192,37.4117526,-121.9950056
237039490,2,7,37.4133455,-121.9952429,71,6.91,269.0,251,164,369,-149,-675,-173,37.4117526,-121.9950056
237140195,2,7,37.4133433,-121.9952507,71,7.37,259.0,251,165,370,-248,-694,-148,37.4117526,-121.9950056
237241114,2,7,37.4133405,-121.9952590,71,8.02,246.7,251,165,371,-317,-736,-128,37.4117526,-121.9950056
237341072,2,7,37.4133369,-121.9952672,71,8.33,241.6,251,165,371,-395,-733,-98,37.4117526,-121.9950056
237441275,2,7,37.4133320,-121.9952751,71,9.06,233.1,251,166,372,-543,-725,-89,37.4117526,-121.9950056
237542011,2,7,37.4133259,-121.9952829,71,9.70,225.6,251,166,372,-678,-693,-83,37.4117526,-121.9950056
237643445,2,7,37.4133189,-121.9952903,71,10.24,220.9,251,166,373,-773,-670,-66,37.4117526,-121.9950056
237744235,2,7,37.4133115,-121.9952976,71,10.51,218.9,251,167,373,-817,-661,-26,37.4117526,-121.9950056
237787067,2,7,37.4133115,-121.9952976,71,10.51,218.9,251,167,373,-817,-661,-26,37.4117526,-121.9950056
237844705,2,10,37.4133036,-121.9953048,71,11.01,216.9,240,167,373,-880,-662,-4,37.4117526,-121.9950056
237945598,2,10,37.4132952,-121.9953119,71,11.44,212.9,240,167,373,-959,-622,-9,37.4117526,-121.9950056
238046710,2,10,37.4132860,-121.9953185,71,11.88,208.3,240,166,373,-1045,-565,-44,37.4117526,-121.9950056
238147466,2,10,37.4132762,-121.9953243,72,12.20,203.8,240,166,373,-1116,-492,-86,37.4117526,-121.9950056
238248030,2,10,37.4132659,-121.9953293,72,12.34,200.3,240,166,372,-1157,-430,-118,37.4117526,-121.9950056
238348415,2,10,37.4132552,-121.9953332,72,12.57,198.0,240,165,371,-1195,-389,-113,37.4117526,-121.9950056
238449080,2,10,37.4132443,-121.9953373,72,12.72,196.4,240,165,371,-1220,-360,-116,37.4117526,-121.9950056
238549614,2,10,37.4132330,-121.9953407,72,13.06,193.6,240,165,370,-1269,-309,-144,37.4117526,-121.9950056
238650399,2,10,37.4132209,-121.9953420,73,13.42,189.4,240,164,368,-1324,-220,-137,37.4117526,-121.9950056
238750722,2,9,37.4132092,-121.9953440,73,13.46,189.1,358,164,368,-1329,-214,-146,37.4117526,-121.9950056
238851182,2,10,37.4131971,-121.9953457,74,13.51,188.2,240,163,366,-1337,-193,-119,37.4117526,-121.9950056
238951510,2,10,37.4131847,-121.9953471,74,14.04,186.7,240,163,364,-1394,-164,-96,37.4117526,-121.9950056
239052644,2,10,37.4131720,-121.9953479,74,14.24,185.6,240,162,363,-1417,-140,-77,37.4117526,-121.9950056
239153372,2,10,37.4131590,-121.9953486,74,14.42,185.0,240,162,361,-1436,-127,-69,37.4117526,-121.9950056
239254175,2,10,37.4131460,-121.9953490,75,14.57,184.0,240,161,360,-1454,-103,-48,37.4117526,-121.9950056
239355931,2,10,37.4131327,-121.9953492,75,14.70,183.2,240,161,358,-1468,-83,-58,37.4117526,-121.9950056
239436499,2,9,37.4131193,-121.9953494,75,15.00,182.4,242,160,357,-1499,-64,-64,37.4117526,-121.9950056
239536996,2,9,37.4131058,-121.9953496,75,15.10,181.7,242,160,356,-1509,-46,-50,37.4117526,-121.9950056
239637902,2,9,37.4130921,-121.9953495,75,15.28,180.6,242,159,354,-1528,-18,-38,37.4117526,-121.9950056
239738779,2,9,37.4130781,-121.9953492,75,15.55,180.2,242,159,352,-1555,-6,-33,37.4117526,-121.9950056
239839135,2,10,37.4130640,-121.9953486,76,15.63,179.6,240,158,350,-1563,10,-37,37.4117526,-121.9950056
239933743,2,10,37.4130640,-121.9953486,76,15.63,179.6,240,158,350,-1563,10,-37,37.4117526,-121.9950056
239939908,2,10,37.4130496,-121.9953481,76,15.82,179.4,240,157,348,-1582,16,-37,37.4117526,-121.9950056
240040636,2,10,37.4130352,-121.9953473,76,15.86,178.9,240,157,347,-1586,29,-46,37.4117526,-121.9950056
240141231,2,10,37.4130207,-121.9953464,76,15.98,178.0,240,156,345,-1597,55,-45,37.4117526,-121.9950056
240242183,2,9,37.4130062,-121.9953451,76,16.05,177.7,242,156,344,-1604,63,-42,37.4117526,-121.9950056
240342389,2,9,37.4129916,-121.9953437,76,16.30,177.1,242,155,342,-1628,81,-51,37.4117526,-121.9950056
240443313,2,9,37.4129771,-121.9953420,76,16.33,176.3,242,155,340,-1630,105,-53,37.4117526,-121.9950056
240544043,2,10,37.4129623,-121.9953402,77,16.64,175.6,240,154,339,-1659,124,-41,37.4117526,-121.9950056
240644329,2,10,37.4129475,-121.9953384,77,16.56,175.6,240,154,337,-1652,125,-53,37.4117526,-121.9950056
240746006,2,10,37.4129326,-121.9953366,77,16.80,175.1,240,153,336,-1674,141,-51,37.4117526,-121.9950056
240846040,2,9,37.4129176,-121.9953346,77,16.79,174.5,242,153,335,-1671,159,-51,37.4117526,-121.9950056
240946461,2,9,37.4129025,-121.9953324,77,16.99,174.2,242,153,335,-1691,170,-58,37.4117526,-121.9950056
241047620,2,9,37.4128876,-121.9953299,77,16.49,171.2,242,153,334,-1630,250,-241,37.4117526,-121.9950056
241148887,2,9,37.4128735,-121.9953264,78,15.45,167.8,242,153,333,-1511,324,-500,37.4117526,-121.9950056
241249948,2,9,37.4128592,-121.9953224,78,16.13,167.4,242,153,332,-1574,350,-563,37.4117526,-121.9950056
241350865,2,9,37.4128437,-121.9953167,79,18.65,164.0,242,153,332,-1794,512,-440,37.4117526,-121.9950056
241450628,2,9,37.4128261,-121.9953104,79,20.52,164.0,242,153,332,-1972,564,-372,37.4117526,-121.9950056
241550803,2,10,37.4128084,-121.9953044,80,20.36,164.0,240,154,332,-1957,561,-215,37.4117526,-121.9950056
241651418,2,10,37.4127912,-121.9952980,80,20.09,162.7,240,154,333,-1919,595,-76,37.4117526,-121.9950056
241732620,2,10,37.4127746,-121.9952919,80,19.46,162.2,240,155,333,-1853,594,72,37.4117526,-121.9950056
241833516,2,10,37.4127588,-121.9952870,79,18.43,163.9,240,156,334,-1772,508,261,37.4117526,-121.9950056
241934363,2,10,37.4127423,-121.9952853,78,18.22,170.8,240,158,335,-1799,289,476,37.4117526,-121.9950056
242034915,2,10,37.4127253,-121.9952873,77,18.14,179.0,240,159,336,-1814,30,698,37.4117526,-121.9950056
242082154,2,10,37.4127253,-121.9952873,77,18.14,179.0,240,159,336,-1814,30,698,37.4117526,-121.9950056
242135390,2,9,37.4127097,-121.9952905,76,17.01,184.1,242,161,337,-1697,-121,918,37.4117526,-121.9950056
242235974,2,9,37.4126956,-121.9952944,74,15.73,188.1,242,162,338,-1557,-223,1089,37.4117526,-121.9950056
242336426,2,9,37.4126830,-121.9952978,73,14.32,189.1,242,164,339,-1414,-227,1220,37.4117526,-121.9950056
242436817,2,9,37.4126733,-121.9953001,71,11.66,190.9,242,165,340,-1145,-222,1280,37.4117526,-121.9950056
242537191,2,9,37.4126658,-121.9953004,69,9.24,186.3,242,167,341,-918,-101,1298,37.4117526,-121.9950056
242637865,2,9,37.4126604,-121.9952972,68,7.40,167.9,242,168,341,-723,154,1269,37.4117526,-121.9950056
242738278,2,9,37.4126595,-121.9952904,67,5.15,133.7,242,170,342,-356,372,1162,37.4117526,-121.9950056
242839106,2,9,37.4126574,-121.9952795,65,8.37,110.7,242,171,342,-296,783,1048,37.4117526,-121.9950056
242939736,2,9,37.4126611,-121.9952628,65,12.09,87.0,242,172,343,62,1208,932,37.4117526,-121.9950056
243039953,2,10,37.4126671,-121.9952430,65,15.61,75.6,240,174,344,386,1513,780,37.4117526,-121.9950056
243140447,2,10,37.4126726,-121.9952206,65,18.66,75.6,240,175,344,463,1807,656,37.4117526,-121.9950056
243241794,2,10,37.4126765,-121.9951966,65,20.32,78.6,240,176,345,399,1992,473,37.4117526,-121.9950056
243342441,2,10,37.4126787,-121.9951732,66,19.50,81.8,240,177,346,276,1930,171,37.4117526,-121.9950056
243443956,2,10,37.4126776,-121.9951508,67,17.32,90.1,240,177,345,-3,1732,-137,37.4117526,-121.9950056
243545379,2,10,37.4126754,-121.9951299,68,15.85,97.5,240,176,343,-209,1572,-443,37.4117526,-121.9950056
243645750,2,9,37.4126732,-121.9951135,69,13.71,100.7,242,177,342,-254,1347,-691,37.4117526,-121.9950056
243746344,2,10,37.4126716,-121.9951012,72,10.96,102.6,240,177,340,-239,1070,-971,37.4117526,-121.9950056
243847912,2,10,37.4126699,-121.9950893,73,11.08,103.9,240,177,340,-267,1075,-1112,37.4117526,-121.9950056
243948735,2,10,37.4126658,-121.9950779,74,11.56,114.1,240,178,341,-473,1054,-1083,37.4117526,-121.9950056
244029173,2,10,37.4126589,-121.9950641,75,14.19,122.3,240,178,342,-758,1199,-1033,37.4117526,-121.9950056
244149654,2,10,37.4126508,-121.9950484,76,16.31,124.1,240,179,343,-914,1351,-1014,37.4117526,-121.9950056
244230014,2,10,37.4126432,-121.9950307,77,17.64,119.5,240,179,344,-869,1534,-978,37.4117526,-121.9950056
244236868,2,10,37.4126432,-121.9950307,77,17.64,119.5,240,179,344,-869,1534,-978,37.4117526,-121.9950056
244330309,2,10,37.4126354,-121.9950123,78,18.42,118.5,240,180,345,-880,1618,-947,37.4117526,-121.9950056
244431626,2,10,37.4126271,-121.9949953,79,17.66,121.4,240,180,346,-923,1506,-945,37.4117526,-121.9950056
244531509,2,10,37.4126181,-121.9949792,80,17.46,124.5,240,181,347,-989,1438,-887,37.4117526,-121.9950056
244631960,2,10,37.4126091,-121.9949633,80,17.34,125.1,240,181,348,-999,1417,-837,37.4117526,-121.9950056
244732417,2,10,37.4125992,-121.9949491,81,16.54,129.6,240,182,349,-1056,1273,-817,37.4117526,-121.9950056
244832900,2,10,37.4125888,-121.9949369,82,15.85,134.8,240,184,350,-1119,1123,-806,37.4117526,-121.9950056
244933331,2,10,37.4125777,-121.9949259,82,15.64,139.1,240,185,350,-1183,1023,-797,37.4117526,-121.9950056
245033563,2,10,37.4125659,-121.9949161,83,15.48,143.8,240,186,352,-1250,912,-814,37.4117526,-121.9950056
245133715,2,10,37.4125536,-121.9949073,84,15.48,148.0,240,188,353,-1313,820,-820,37.4117526,-121.9950056
245234116,2,10,37.4125410,-121.9948998,85,15.26,152.3,240,189,355,-1352,707,-821,37.4117526,-121.9950056
245334481,2,10,37.4125286,-121.9948933,86,14.93,155.8,240,191,357,-1362,611,-829,37.4117526,-121.9950056
245435091,2,10,37.4125178,-121.9948881,86,13.55,158.6,240,192,359,-1262,494,-839,37.4117526,-121.9950056
245535416,2,9,37.4125074,-121.9948825,87,13.00,157.9,242,193,361,-1205,488,-860,37.4117526,-121.9950056
245635960,2,9,37.4124980,-121.9948760,88,12.46,153.8,242,194,363,-1118,548,-881,37.4117526,-121.9950056
245736800,2,10,37.4124885,-121.9948688,89,12.69,149.5,240,195,365,-1094,643,-864,37.4117526,-121.9950056
245837490,2,10,37.4124788,-121.9948600,90,13.32,145.6,240,196,367,-1099,751,-837,37.4117526,-121.9950056
245938199,2,10,37.4124694,-121.9948494,91,14.27,138.9,240,196,367,-1076,937,-798,37.4117526,-121.9950056
246038588,2,9,37.4124598,-121.9948367,91,15.95,133.0,244,196,367,-1089,1165,-698,37.4117526,-121.9950056
246139254,2,9,37.4124494,-121.9948231,91,17.98,130.9,244,196,366,-1177,1359,-469,37.4117526,-121.9950056
246239400,2,9,37.4124386,-121.9948109,90,18.19,132.5,242,196,365,-1231,1339,-184,37.4117526,-121.9950056
246339791,2,10,37.4124266,-121.9947971,89,19.34,136.9,240,196,366,-1413,1320,-96,37.4117526,-121.9950056
246392672,2,10,37.4124266,-121.9947971,89,19.34,136.9,240,196,366,-1413,1320,-96,37.4117526,-121.9950056
246440186,2,10,37.4124126,-121.9947835,89,20.72,141.1,240,196,365,-1613,1300,-4,37.4117526,-121.9950056
246540652,2,9,37.4123980,-121.9947704,89,21.04,143.7,242,196,365,-1696,1246,86,37.4117526,-121.9950056
246641356,2,9,37.4123826,-121.9947594,88,20.51,149.3,244,196,364,-1764,1046,217,37.4117526,-121.9950056
246741654,2,9,37.4123672,-121.9947470,88,20.70,148.6,244,196,364,-1769,1076,243,37.4117526,-121.9950056
246842299,2,9,37.4123523,-121.9947336,88,20.34,146.2,242,196,365,-1692,1129,182,37.4117526,-121.9950056
246942614,2,9,37.4123393,-121.9947169,88,20.28,136.5,244,197,365,-1471,1395,161,37.4117526,-121.9950056
247043108,2,9,37.4123282,-121.9946969,88,21.10,127.1,244,197,365,-1275,1681,178,37.4117526,-121.9950056
247143452,2,10,37.4123187,-121.9946753,87,21.78,121.0,240,197,365,-1122,1867,190,37.4117526,-121.9950056
247243866,2,9,37.4123098,-121.9946527,87,22.59,118.0,242,197,364,-1060,1994,222,37.4117526,-121.9950056
247324402,2,8,37.4123000,-121.9946299,86,23.83,119.9,246,197,364,-1188,2065,359,37.4117526,-121.9950056
247424847,2,10,37.4122888,-121.9946079,85,24.03,123.0,240,197,364,-1310,2014,453,37.4117526,-121.9950056
247524948,2,10,37.4122781,-121.9945851,86,22.90,121.2,240,197,364,-1187,1958,309,37.4117526,-121.9950056
247625469,2,10,37.4122705,-121.9945618,86,21.59,113.1,240,198,365,-848,1985,232,37.4117526,-121.9950056
247725882,2,10,37.4122671,-121.9945377,86,20.84,101.5,240,198,366,-418,2042,192,37.4117526,-121.9950056
247826322,2,10,37.4122682,-121.9945145,86,19.80,86.6,240,198,367,116,1977,130,37.4117526,-121.9950056
247926818,2,10,37.4122727,-121.9944925,86,19.46,75.1,240,198,367,497,1881,45,37.4117526,-121.9950056
248027691,2,10,37.4122790,-121.9944718,86,19.40,70.0,240,198,368,661,1823,21,37.4117526,-121.9950056
248127939,2,10,37.4122834,-121.9944505,86,19.78,78.9,240,198,369,377,1942,67,37.4117526,-121.9950056
248228468,2,9,37.4122873,-121.9944276,86,20.80,79.2,242,198,370,387,2043,86,37.4117526,-121.9950056
248328983,2,10,37.4122916,-121.9944043,86,21.20,77.7,240,198,370,450,2071,103,37.4117526,-121.9950056
248429568,2,10,37.4122943,-121.9943809,86,21.29,83.5,240,198,371,237,2116,136,37.4117526,-121.9950056
248530159,2,10,37.4122964,-121.9943567,85,21.95,84.8,240,198,371,198,2186,189,37.4117526,-121.9950056
248553315,2,10,37.4122964,-121.9943567,85,21.95,84.8,240,198,371,198,2186,189,37.4117526,-121.9950056
248630568,2,10,37.4122990,-121.9943322,85,22.28,83.2,240,199,371,261,2213,251,37.4117526,-121.9950056
248732173,2,10,37.4123004,-121.9943073,85,22.41,86.6,240,199,371,129,2237,257,37.4117526,-121.9950056
248831795,2,10,37.4123010,-121.9942820,84,22.88,89.1,240,199,370,32,2288,290,37.4117526,-121.9950056
248932447,2,10,37.4123013,-121.9942564,84,23.19,90.0,240,199,370,-1,2319,356,37.4117526,-121.9950056
249033193,2,10,37.4123016,-121.9942312,83,22.82,89.7,240,199,369,9,2282,489,37.4117526,-121.9950056
249134045,2,10,37.4123017,-121.9942085,81,20.80,90.9,240,199,369,-35,2080,758,37.4117526,-121.9950056
249234568,2,10,37.4123023,-121.9941904,79,16.26,88.0,241,199,369,54,1625,1044,37.4117526,-121.9950056
249335698,2,10,37.4123045,-121.9941763,77,12.84,80.1,241,199,369,220,1265,1264,37.4117526,-121.9950056
249436038,2,10,37.4123083,-121.9941693,75,7.42,56.1,241,200,369,413,616,1487,37.4117526,-121.9950056
249536360,2,10,37.4123137,-121.9941683,73,5.82,8.1,241,200,369,576,82,1599,37.4117526,-121.9950056
249637488,2,10,37.4123211,-121.9941715,71,8.21,339.6,241,200,369,770,-285,1640,37.4117526,-121.9950056
249739040,2,10,37.4123308,-121.9941763,70,10.85,336.9,241,201,369,999,-425,1686,37.4117526,-121.9950056
249839443,2,10,37.4123407,-121.9941806,68,11.30,339.4,241,201,369,1058,-397,1736,37.4117526,-121.9950056
249939704,2,10,37.4123496,-121.9941836,66,10.19,343.3,241,201,368,977,-292,1819,37.4117526,-121.9950056
250040797,2,9,37.4123575,-121.9941860,64,9.16,344.7,242,200,366,883,-241,1947,37.4117526,-121.9950056
250141260,2,9,37.4123642,-121.9941879,61,7.68,345.3,242,200,363,743,-194,2062,37.4117526,-121.9950056
250241889,2,9,37.4123696,-121.9941898,59,6.28,343.4,242,200,362,602,-178,2188,37.4117526,-121.9950056
250322232,2,9,37.4123750,-121.9941911,56,6.22,347.8,242,199,360,608,-131,2254,37.4117526,-121.9950056
250422532,2,9,37.4123822,-121.9941923,54,8.15,351.9,242,199,360,807,-114,2246,37.4117526,-121.9950056
250523958,2,9,37.4123932,-121.9941920,52,11.52,0.4,242,200,360,1152,8,2186,37.4117526,-121.9950056
250624409,2,9,37.4124073,-121.9941903,50,14.35,3.9,242,200,360,1432,99,2116,37.4117526,-121.9950056
250716263,2,9,37.4124073,-121.9941903,50,14.35,3.9,242,200,360,1432,99,2116,37.4117526,-121.9950056
250725200,2,10,37.4124234,-121.9941865,48,16.72,9.2,241,201,361,1650,269,2034,37.4117526,-121.9950056
250825233,2,10,37.4124389,-121.9941805,47,17.19,15.5,241,202,363,1657,460,1977,37.4117526,-121.9950056
250926205,2,10,37.4124529,-121.9941732,45,16.72,21.2,241,203,365,1559,605,1967,37.4117526,-121.9950056
251026951,2,10,37.4124653,-121.9941656,43,15.69,25.1,241,204,368,1420,667,1968,37.4117526,-121.9950056
251127757,2,10,37.4124781,-121.9941582,41,15.68,25.3,241,205,370,1417,671,2001,37.4117526,-121.9950056
251228551,2,10,37.4124927,-121.9941489,39,16.70,25.7,241,206,373,1504,727,1930,37.4117526,-121.9950056
251329490,2,10,37.4125062,-121.9941376,38,16.87,31.5,241,206,377,1438,883,1830,37.4117526,-121.9950056
251429994,2,10,37.4125155,-121.9941213,37,16.34,49.3,241,208,381,1064,1241,1665,37.4117526,-121.9950056
251530334,2,10,37.4125215,-121.9941011,37,16.66,66.0,241,208,384,676,1522,1433,37.4117526,-121.9950056
251631276,2,10,37.4125227,-121.9940788,37,17.17,83.9,241,209,388,180,1708,1182,37.4117526,-121.9950056
251731683,2,9,37.4125200,-121.9940560,38,18.08,97.5,242,210,391,-238,1792,959,37.4117526,-121.9950056
251832657,2,10,37.4125136,-121.9940325,38,19.82,109.9,241,211,394,-674,1863,742,37.4117526,-121.9950056
251933382,2,10,37.4125029,-121.9940108,39,21.07,122.9,241,211,397,-1146,1768,562,37.4117526,-121.9950056
252035273,2,10,37.4124893,-121.9939926,39,21.34,134.3,241,211,400,-1491,1526,422,37.4117526,-121.9950056
252136454,2,10,37.4124737,-121.9939769,40,21.76,142.3,241,212,402,-1722,1330,318,37.4117526,-121.9950056
252236975,2,10,37.4124560,-121.9939657,40,21.34,153.3,241,212,403,-1907,956,193,37.4117526,-121.9950056
252337258,2,10,37.4124374,-121.9939588,41,21.03,162.2,241,212,404,-2003,640,143,37.4117526,-121.9950056
252438512,2,10,37.4124184,-121.9939556,41,20.54,170.7,241,212,403,-2027,330,135,37.4117526,-121.9950056
252519417,2,10,37.4124004,-121.9939571,40,18.82,181.8,241,212,402,-1881,-61,170,37.4117526,-121.9950056
252639929,2,10,37.4123849,-121.9939613,40,16.26,192.1,241,212,399,-1590,-342,272,37.4117526,-121.9950056
252720363,2,10,37.4123705,-121.9939686,39,15.69,202.1,241,212,397,-1453,-591,398,37.4117526,-121.9950056
252820634,2,10,37.4123589,-121.9939789,38,14.70,218.8,241,212,394,-1144,-923,517,37.4117526,-121.9950056
252882089,2,10,37.4123589,-121.9939789,38,14.70,218.8,241,212,394,-1144,-923,517,37.4117526,-121.9950056
252921701,2,10,37.4123508,-121.9939935,37,14.93,239.7,241,211,391,-753,-1290,667,37.4117526,-121.9950056
253022945,2,10,37.4123470,-121.9940088,36,15.11,254.7,241,211,389,-396,-1458,703,37.4117526,-121.9950056
253123624,2,10,37.4123460,-121.9940245,35,14.93,265.3,241,211,387,-120,-1488,777,37.4117526,-121.9950056
253224080,2,9,37.4123464,-121.9940402,34,14.49,272.1,242,211,387,54,-1448,862,37.4117526,-121.9950056
253324902,2,9,37.4123484,-121.9940557,33,14.30,277.2,242,211,387,180,-1419,924,37.4117526,-121.9950056
253425392,2,9,37.4123503,-121.9940719,32,14.68,278.2,242,212,387,211,-1453,992,37.4117526,-121.9950056
253525916,2,9,37.4123538,-121.9940875,31,14.70,282.8,242,212,387,327,-1433,986,37.4117526,-121.9950056
253626463,2,9,37.4123560,-121.9941019,30,13.04,281.1,242,212,388,252,-1279,1045,37.4117526,-121.9950056
253726797,2,10,37.4123606,-121.9941132,29,11.21,293.9,241,212,388,455,-1024,1131,37.4117526,-121.9950056
253827345,2,10,37.4123686,-121.9941221,28,11.36,312.7,241,213,390,771,-834,1144,37.4117526,-121.9950056
253928328,2,10,37.4123775,-121.9941284,26,11.26,327.1,241,214,392,947,-610,1263,37.4117526,-121.9950056
254029022,2,10,37.4123870,-121.9941330,24,11.38,335.6,241,215,394,1037,-470,1407,37.4117526,-121.9950056
254129642,2,10,37.4123943,-121.9941346,22,9.29,342.8,241,216,396,888,-274,1489,37.4117526,-121.9950056
254230312,2,10,37.4124019,-121.9941329,21,8.69,0.9,241,216,399,869,15,1544,37.4117526,-121.9950056
254330821,2,10,37.4124129,-121.9941282,19,11.82,15.4,241,217,401,1140,314,1548,37.4117526,-121.9950056
254431136,2,10,37.4124277,-121.9941186,18,16.61,24.2,241,218,404,1514,683,1472,37.4117526,-121.9950056
254532418,2,10,37.4124413,-121.9941011,17,19.90,38.9,241,218,406,1548,1250,1411,37.4117526,-121.9950056
254633404,2,9,37.4124528,-121.9940760,16,23.33,52.3,243,219,409,1426,1846,1302,37.4117526,-121.9950056
254734606,2,9,37.4124633,-121.9940470,16,25.88,60.3,243,220,412,1280,2249,1174,37.4117526,-121.9950056
254815142,2,9,37.4124739,-121.9940180,16,26.93,63.2,243,221,414,1213,2404,1049,37.4117526,-121.9950056
254915989,2,9,37.4124843,-121.9939896,16,27.14,64.2,243,221,417,1180,2444,900,37.4117526,-121.9950056
255016663,2,9,37.4124944,-121.9939621,16,26.57,64.6,243,222,419,1136,2402,733,37.4117526,-121.9950056
255042375,2,9,37.4124944,-121.9939621,16,26.57,64.6,243,222,419,1136,2402,733,37.4117526,-121.9950056
255117202,2,9,37.4125038,-121.9939345,17,26.16,66.1,243,223,422,1057,2392,560,37.4117526,-121.9950056
255217428,2,10,37.4125123,-121.9939063,17,26.19,68.2,241,224,424,970,2433,396,37.4117526,-121.9950056
255317671,2,10,37.4125196,-121.9938772,18,26.52,71.4,241,224,426,842,2515,298,37.4117526,-121.9950056
255418936,2,10,37.4125228,-121.9938500,18,24.67,79.1,241,225,428,464,2423,235,37.4117526,-121.9950056
255520921,2,10,37.4125244,-121.9938237,18,23.65,83.8,241,226,430,251,2352,203,37.4117526,-121.9950056
255621459,2,10,37.4125262,-121.9937974,18,23.32,84.2,241,227,431,233,2321,191,37.4117526,-121.9950056
255721805,2,10,37.4125275,-121.9937721,18,22.57,84.5,241,227,430,214,2246,185,37.4117526,-121.9950056
255822832,2,10,37.4125286,-121.9937469,18,21.80,84.4,241,226,427,211,2170,200,37.4117526,-121.9950056
255923464,2,10,37.4125305,-121.9937229,18,20.72,81.0,241,226,424,322,2047,208,37.4117526,-121.9950056
256024903,2,10,37.4125337,-121.9937003,18,19.65,75.7,241,225,420,485,1904,204,37.4117526,-121.9950056
256125526,2,10,37.4125388,-121.9936792,18,18.85,69.3,241,225,419,665,1763,157,37.4117526,-121.9950056
256225986,2,9,37.4125447,-121.9936604,18,17.73,63.6,243,224,417,787,1588,134,37.4117526,-121.9950056
256326309,2,10,37.4125517,-121.9936439,18,16.56,57.0,241,224,416,900,1390,50,37.4117526,-121.9950056
256427174,2,10,37.4125595,-121.9936297,19,15.44,50.6,241,223,414,978,1194,-35,37.4117526,-121.9950056
256528494,2,10,37.4125680,-121.9936175,19,14.70,44.7,241,222,413,1044,1034,-109,37.4117526,-121.9950056
256628812,2,9,37.4125767,-121.9936068,20,13.87,40.3,243,222,412,1057,898,-164,37.4117526,-121.9950056
256729445,2,9,37.4125859,-121.9935967,21,13.78,36.9,243,221,411,1102,828,-214,37.4117526,-121.9950056
256829711,2,9,37.4125953,-121.9935877,21,13.66,33.6,243,220,410,1136,757,-249,37.4117526,-121.9950056
256930140,2,9,37.4126044,-121.9935802,21,12.67,28.8,243,219,410,1109,612,-251,37.4117526,-121.9950056
257030917,2,9,37.4126136,-121.9935741,21,12.05,22.7,243,218,410,1111,465,-246,37.4117526,-121.9950056
257131506,2,9,37.4126227,-121.9935694,22,11.53,18.3,243,218,409,1095,363,-241,37.4117526,-121.9950056
257202939,2,9,37.4126227,-121.9935694,22,11.53,18.3,243,218,409,1095,363,-241,37.4117526,-121.9950056
257232443,2,9,37.4126319,-121.9935654,22,11.37,15.1,243,217,409,1098,296,-224,37.4117526,-121.9950056
257332719,2,9,37.4126412,-121.9935623,22,11.00,10.2,243,216,409,1083,196,-214,37.4117526,-121.9950056
257433016,2,10,37.4126502,-121.9935603,22,10.77,6.0,241,215,408,1071,112,-170,37.4117526,-121.9950056
257533546,2,10,37.4126591,-121.9935588,22,10.47,2.1,241,214,407,1046,38,-168,37.4117526,-121.9950056
257634197,2,10,37.4126676,-121.9935585,23,10.00,357.6,241,214,407,999,-40,-175,37.4117526,-121.9950056
257713865,2,10,37.4126758,-121.9935595,23,9.75,349.8,241,213,407,959,-172,-163,37.4117526,-121.9950056
257833875,2,9,37.4126835,-121.9935624,23,9.63,341.2,359,212,407,912,-309,-157,37.4117526,-121.9950056
257914886,2,9,37.4126909,-121.9935666,23,9.41,333.4,359,212,407,841,-421,-150,37.4117526,-121.9950056
258035048,2,10,37.4126974,-121.9935717,23,9.43,324.7,241,211,406,770,-544,-134,37.4117526,-121.9950056
258115426,2,9,37.4127026,-121.9935786,23,9.24,316.4,359,209,407,670,-637,-119,37.4117526,-121.9950056
258216258,2,10,37.4127070,-121.9935865,23,9.54,308.8,241,208,407,598,-743,-109,37.4117526,-121.9950056
258316442,2,9,37.4127108,-121.9935954,23,9.39,299.7,359,207,407,466,-815,-97,37.4117526,-121.9950056
258416840,2,10,37.4127142,-121.9936049,23,9.83,292.5,241,205,407,377,-907,-81,37.4117526,-121.9950056
258517165,2,10,37.4127166,-121.9936149,23,9.92,284.4,241,204,407,248,-961,-69,37.4117526,-121.9950056
258617651,2,10,37.4127178,-121.9936259,23,10.43,277.3,241,203,407,132,-1034,-49,37.4117526,-121.9950056
258718138,2,9,37.4127182,-121.9936374,23,10.63,270.8,359,202,408,15,-1063,-30,37.4117526,-121.9950056
258818767,2,9,37.4127175,-121.9936492,23,10.86,265.7,359,201,408,-81,-1083,5,37.4117526,-121.9950056
258918942,2,9,37.4127165,-121.9936616,23,11.33,263.6,359,201,408,-124,-1126,46,37.4117526,-121.9950056
259019838,2,8,37.4127147,-121.9936740,23,11.38,261.4,362,200,409,-169,-1125,101,37.4117526,-121.9950056
259120597,2,8,37.4127126,-121.9936862,23,11.29,259.4,362,200,410,-206,-1110,151,37.4117526,-121.9950056
259221094,2,9,37.4127106,-121.9936985,22,11.44,258.8,359,199,410,-220,-1123,206,37.4117526,-121.9950056
259321666,2,9,37.4127083,-121.9937107,22,11.48,257.5,359,199,411,-248,-1121,269,37.4117526,-121.9950056
259357284,2,9,37.4127083,-121.9937107,22,11.48,257.5,359,199,411,-248,-1121,269,37.4117526,-121.9950056
259421700,2,9,37.4127055,-121.9937231,21,11.56,255.9,359,198,412,-280,-1122,336,37.4117526,-121.9950056
259522709,2,9,37.4127026,-121.9937355,21,11.54,254.8,359,198,412,-302,-1114,410,37.4117526,-121.9950056
259622919,2,9,37.4126994,-121.9937478,20,11.63,254.3,359,197,413,-313,-1120,474,37.4117526,-121.9950056
259724352,2,9,37.4126962,-121.9937602,20,11.67,254.1,359,197,414,-319,-1123,546,37.4117526,-121.9950056
259824816,2,9,37.4126930,-121.9937726,19,11.56,253.4,359,196,415,-330,-1107,609,37.4117526,-121.9950056
259925628,2,10,37.4126896,-121.9937852,18,11.79,251.3,241,196,415,-376,-1117,666,37.4117526,-121.9950056
260026052,2,10,37.4126858,-121.9937981,17,12.25,249.9,241,196,415,-420,-1151,709,37.4117526,-121.9950056
260126291,2,10,37.4126814,-121.9938112,16,12.53,248.1,241,195,415,-467,-1163,755,37.4117526,-121.9950056
260226755,2,10,37.4126767,-121.9938242,16,12.75,247.0,241,195,414,-497,-1174,793,37.4117526,-121.9950056
260327188,2,10,37.4126716,-121.9938374,15,12.96,246.4,241,194,414,-517,-1189,850,37.4117526,-121.9950056
260427539,2,10,37.4126665,-121.9938507,14,12.94,245.7,241,193,414,-531,-1180,892,37.4117526,-121.9950056
260528063,2,10,37.4126611,-121.9938640,13,13.02,244.9,241,193,413,-551,-1180,942,37.4117526,-121.9950056
260628813,2,10,37.4126553,-121.9938773,11,13.66,242.3,241,192,413,-634,-1210,940,37.4117526,-121.9950056
260729419,2,10,37.4126485,-121.9938909,11,14.85,239.0,241,191,412,-763,-1274,847,37.4117526,-121.9950056
260830036,2,10,37.4126408,-121.9939056,10,16.63,235.7,241,191,412,-936,-1375,625,37.4117526,-121.9950056
260910354,2,10,37.4126317,-121.9939201,10,17.49,232.7,241,190,411,-1059,-1391,384,37.4117526,-121.9950056
261011175,2,10,37.4126219,-121.9939343,10,17.66,230.6,241,190,411,-1120,-1366,222,37.4117526,-121.9950056
261111758,2,10,37.4126114,-121.9939464,10,17.07,227.6,241,189,409,-1150,-1261,107,37.4117526,-121.9950056
261212251,2,10,37.4126009,-121.9939594,10,16.91,227.5,241,188,409,-1142,-1247,83,37.4117526,-121.9950056
261312451,2,10,37.4125902,-121.9939720,10,16.91,226.7,241,187,409,-1158,-1232,95,37.4117526,-121.9950056
261412490,2,10,37.4125796,-121.9939845,10,16.51,226.5,241,187,408,-1136,-1198,101,37.4117526,-121.9950056
261507655,2,10,37.4125796,-121.9939845,10,16.51,226.5,241,187,408,-1136,-1198,101,37.4117526,-121.9950056
261512929,2,10,37.4125692,-121.9939969,10,16.26,226.4,241,186,407,-1120,-1178,107,37.4117526,-121.9950056
261613359,2,10,37.4125586,-121.9940094,10,16.06,225.7,241,185,407,-1121,-1150,103,37.4117526,-121.9950056
261713908,2,10,37.4125481,-121.9940214,10,16.10,224.7,241,185,406,-1143,-1133,111,37.4117526,-121.9950056
261814168,2,10,37.4125375,-121.9940336,10,16.19,224.4,241,184,406,-1156,-1133,139,37.4117526,-121.9950056
261914658,2,10,37.4125268,-121.9940455,10,16.23,224.0,241,184,405,-1167,-1128,148,37.4117526,-121.9950056
262015223,2,9,37.4125162,-121.9940576,10,16.12,223.8,359,184,406,-1163,-1116,170,37.4117526,-121.9950056
262115776,2,10,37.4125057,-121.9940694,10,15.96,223.9,241,183,405,-1148,-1108,193,37.4117526,-121.9950056
262216473,2,10,37.4124952,-121.9940813,10,15.96,224.0,241,183,404,-1146,-1110,213,37.4117526,-121.9950056
262316915,2,10,37.4124848,-121.9940933,9,15.96,224.3,241,182,404,-1140,-1116,216,37.4117526,-121.9950056
262417149,2,10,37.4124745,-121.9941053,9,15.93,224.4,241,182,404,-1138,-1115,219,37.4117526,-121.9950056
262517641,2,10,37.4124642,-121.9941173,9,15.84,224.4,241,182,403,-1130,-1110,233,37.4117526,-121.9950056
262617725,2,10,37.4124540,-121.9941293,9,15.77,224.8,241,181,403,-1118,-1112,238,37.4117526,-121.9950056
262718476,2,10,37.4124439,-121.9941415,9,15.87,225.2,241,181,402,-1117,-1127,190,37.4117526,-121.9950056
262819323,2,10,37.4124341,-121.9941535,9,15.67,225.9,241,181,402,-1089,-1126,129,37.4117526,-121.9950056
262919952,2,10,37.4124242,-121.9941657,9,15.72,225.6,241,180,401,-1099,-1124,116,37.4117526,-121.9950056
263020464,2,10,37.4124144,-121.9941779,9,15.64,225.9,241,180,401,-1088,-1124,115,37.4117526,-121.9950056
263122008,2,10,37.4124046,-121.9941900,9,15.51,226.2,241,180,400,-1073,-1120,127,37.4117526,-121.9950056
263222818,2,10,37.4123950,-121.9942021,9,15.39,226.2,241,180,400,-1065,-1111,135,37.4117526,-121.9950056
263323503,2,10,37.4123855,-121.9942143,8,15.39,226.4,241,179,399,-1060,-1116,122,37.4117526,-121.9950056
263424262,2,10,37.4123758,-121.9942264,8,15.49,225.9,241,179,399,-1076,-1113,112,37.4117526,-121.9950056
263525064,2,10,37.4123662,-121.9942384,8,15.23,226.0,241,179,398,-1057,-1096,104,37.4117526,-121.9950056
263625949,2,10,37.4123565,-121.9942501,8,15.20,225.1,241,178,398,-1072,-1077,109,37.4117526,-121.9950056
263660738,2,10,37.4123565,-121.9942501,8,15.20,225.1,241,178,398,-1072,-1077,109,37.4117526,-121.9950056
263726249,2,10,37.4123469,-121.9942618,8,15.06,225.3,241,178,397,-1059,-1071,124,37.4117526,-121.9950056
263807618,2,10,37.4123374,-121.9942733,8,14.87,225.1,241,178,397,-1048,-1054,108,37.4117526,-121.9950056
263907877,2,10,37.4123282,-121.9942846,8,14.63,225.7,241,177,396,-1020,-1049,105,37.4117526,-121.9950056
264008558,2,10,37.4123192,-121.9942957,8,14.32,225.9,241,177,395,-996,-1029,100,37.4117526,-121.9950056
264109488,2,10,37.4123103,-121.9943066,8,14.08,225.2,241,177,395,-991,-999,81,37.4117526,-121.9950056
264210086,2,10,37.4123015,-121.9943173,8,13.77,224.8,241,176,394,-976,-971,55,37.4117526,-121.9950056
264310936,2,10,37.4122929,-121.9943278,8,13.53,225.6,241,176,394,-946,-967,58,37.4117526,-121.9950056
264411271,2,10,37.4122845,-121.9943383,8,13.39,225.3,241,176,393,-940,-953,66,37.4117526,-121.9950056
264512192,2,10,37.4122761,-121.9943484,8,13.19,224.8,241,176,393,-934,-931,45,37.4117526,-121.9950056
264612295,2,10,37.4122677,-121.9943585,8,12.99,224.6,241,175,393,-924,-914,43,37.4117526,-121.9950056
264712878,2,10,37.4122594,-121.9943683,8,12.85,224.1,241,175,392,-922,-895,48,37.4117526,-121.9950056
264813273,2,10,37.4122512,-121.9943778,8,12.66,223.5,241,175,392,-917,-872,45,37.4117526,-121.9950056
264913630,2,10,37.4122429,-121.9943872,8,12.57,223.0,241,175,392,-918,-859,48,37.4117526,-121.9950056
265014659,2,10,37.4122347,-121.9943965,8,12.31,223.3,241,174,391,-895,-845,86,37.4117526,-121.9950056
265115190,2,10,37.4122265,-121.9944055,8,11.91,222.3,241,174,390,-881,-802,215,37.4117526,-121.9950056
265216380,2,10,37.4122185,-121.9944140,7,11.45,221.8,241,173,389,-853,-764,349,37.4117526,-121.9950056
265317107,2,10,37.4122108,-121.9944223,7,11.35,221.4,241,172,388,-850,-752,430,37.4117526,-121.9950056
265417716,2,10,37.4122031,-121.9944305,7,11.39,220.5,241,172,387,-865,-741,467,37.4117526,-121.9950056
265518719,2,10,37.4121953,-121.9944387,6,11.43,220.7,241,171,387,-867,-746,481,37.4117526,-121.9950056
265619597,2,10,37.4121874,-121.9944470,6,11.65,221.1,241,171,387,-876,-767,502,37.4117526,-121.9950056
265720418,2,11,37.4121795,-121.9944549,5,11.49,222.0,176,170,384,-854,-769,563,37.4117526,-121.9950056
265808947,2,11,37.4121795,-121.9944549,5,11.49,222.0,176,170,384,-854,-769,563,37.4117526,-121.9950056
265821644,2,11,37.4121718,-121.9944628,5,11.29,222.9,176,170,382,-826,-769,587,37.4117526,-121.9950056
265922216,2,11,37.4121645,-121.9944711,5,11.32,225.8,176,169,380,-789,-812,566,37.4117526,-121.9950056
266022585,2,11,37.4121579,-121.9944801,4,11.38,231.3,176,169,378,-711,-889,508,37.4117526,-121.9950056
266123532,2,11,37.4121520,-121.9944900,4,11.41,236.3,176,169,376,-633,-949,462,37.4117526,-121.9950056
266224061,2,11,37.4121466,-121.9945002,4,11.32,238.9,176,168,374,-584,-970,459,37.4117526,-121.9950056
266324623,2,11,37.4121417,-121.9945107,4,11.30,242.2,176,168,371,-526,-1000,417,37.4117526,-121.9950056
266425184,2,11,37.4121374,-121.9945215,3,11.24,246.0,176,168,370,-455,-1027,328,37.4117526,-121.9950056
266526287,2,11,37.4121334,-121.9945326,3,11.14,246.6,176,167,368,-441,-1022,320,37.4117526,-121.9950056
266606875,2,11,37.4121293,-121.9945437,3,11.02,246.8,176,167,366,-433,-1014,375,37.4117526,-121.9950056
266707405,2,11,37.4121251,-121.9945544,3,10.80,244.9,176,166,364,-457,-978,429,37.4117526,-121.9950056
266808101,2,11,37.4121207,-121.9945650,2,10.87,243.8,176,166,363,-479,-976,457,37.4117526,-121.9950056
266908304,2,11,37.4121162,-121.9945757,2,10.95,243.2,176,165,361,-492,-977,490,37.4117526,-121.9950056
267008874,2,11,37.4121115,-121.9945862,1,11.04,241.5,176,165,360,-525,-971,495,37.4117526,-121.9950056
267108903,2,11,37.4121063,-121.9945966,1,11.42,238.3,176,164,358,-598,-972,455,37.4117526,-121.9950056
267209824,2,10,37.4121005,-121.9946072,1,11.95,234.6,241,164,358,-691,-975,377,37.4117526,-121.9950056
267310062,2,10,37.4120941,-121.9946177,0,12.10,232.4,241,164,357,-737,-960,306,37.4117526,-121.9950056
267410625,2,10,37.4120874,-121.9946281,0,12.10,230.9,241,163,357,-762,-940,288,37.4117526,-121.9950056
267510919,2,11,37.4120803,-121.9946379,0,12.19,229.5,176,163,356,-791,-927,251,37.4117526,-121.9950056
267612020,2,11,37.4120730,-121.9946475,0,12.00,228.6,176,163,354,-793,-901,264,37.4117526,-121.9950056
267712947,2,11,37.4120658,-121.9946571,0,11.72,228.9,176,162,353,-769,-884,327,37.4117526,-121.9950056
267813551,2,11,37.4120589,-121.9946665,0,11.54,229.3,176,162,352,-751,-876,357,37.4117526,-121.9950056
267913974,2,11,37.4120523,-121.9946760,0,11.34,231.1,176,162,350,-712,-883,353,37.4117526,-121.9950056
267968005,2,11,37.4120523,-121.9946760,0,11.34,231.1,176,162,350,-712,-883,353,37.4117526,-121.9950056
268014495,2,11,37.4120461,-121.9946855,0,11.30,233.1,176,161,349,-677,-904,336,37.4117526,-121.9950056
268115002,2,11,37.4120405,-121.9946954,0,11.11,237.0,176,161,347,-605,-932,282,37.4117526,-121.9950056
268215533,2,11,37.4120354,-121.9947055,0,10.97,239.5,176,161,346,-555,-946,218,37.4117526,-121.9950056
268315836,2,11,37.4120309,-121.9947158,0,10.70,242.9,176,160,344,-487,-953,181,37.4117526,-121.9950056
268416333,2,11,37.4120267,-121.9947258,0,10.28,243.6,176,160,343,-456,-921,149,37.4117526,-121.9950056
268517071,2,11,37.4120228,-121.9947358,0,10.28,245.5,176,160,342,-426,-936,134,37.4117526,-121.9950056
268618085,2,11,37.4120192,-121.9947459,-1,10.10,247.6,176,159,340,-384,-934,92,37.4117526,-121.9950056
268718576,2,11,37.4120160,-121.9947560,-1,9.88,249.2,176,159,339,-350,-924,66,37.4117526,-121.9950056
268819313,2,11,37.4120128,-121.9947660,-1,9.82,249.4,176,159,339,-344,-920,76,37.4117526,-121.9950056
268920209,2,11,37.4120095,-121.9947760,-1,9.92,248.3,176,158,338,-366,-922,109,37.4117526,-121.9950056
269020625,2,11,37.4120061,-121.9947860,-1,9.80,248.0,176,158,337,-366,-909,146,37.4117526,-121.9950056
269121743,2,11,37.4120029,-121.9947958,-1,9.82,247.2,176,157,336,-379,-905,158,37.4117526,-121.9950056
269222996,2,11,37.4119993,-121.9948051,-1,9.85,244.6,176,156,334,-421,-890,153,37.4117526,-121.9950056
269302197,2,10,37.4119956,-121.9948146,-1,9.88,242.8,241,156,334,-451,-879,144,37.4117526,-121.9950056
269423003,2,11,37.4119915,-121.9948240,-1,9.80,241.5,176,156,333,-467,-862,134,37.4117526,-121.9950056
269503276,2,11,37.4119871,-121.9948330,-1,9.79,238.3,176,155,332,-513,-834,112,37.4117526,-121.9950056
269604044,2,11,37.4119824,-121.9948415,-1,9.59,235.4,176,155,331,-544,-789,87,37.4117526,-121.9950056
269704273,2,10,37.4119776,-121.9948497,-1,9.48,233.0,241,154,331,-569,-758,62,37.4117526,-121.9950056
269804888,2,11,37.4119724,-121.9948571,-1,9.39,231.4,176,153,329,-585,-734,47,37.4117526,-121.9950056
269905111,2,10,37.4119671,-121.9948648,-1,9.03,231.1,241,153,329,-566,-703,72,37.4117526,-121.9950056
270005291,2,11,37.4119619,-121.9948724,-1,9.04,232.9,176,152,327,-545,-721,92,37.4117526,-121.9950056
270105799,2,11,37.4119569,-121.9948797,-1,8.64,232.0,176,152,326,-530,-681,145,37.4117526,-121.9950056
270126785,2,11,37.4119569,-121.9948797,-1,8.64,232.0,176,152,326,-530,-681,145,37.4117526,-121.9950056
270206023,2,11,37.4119521,-121.9948870,-1,8.47,232.4,176,151,324,-516,-671,176,37.4117526,-121.9950056
270306705,2,11,37.4119476,-121.9948942,-1,8.25,234.0,176,151,323,-484,-668,190,37.4117526,-121.9950056
270406874,2,11,37.4119432,-121.9949014,-1,8.41,236.5,176,151,321,-463,-702,195,37.4117526,-121.9950056
270507317,2,11,37.4119393,-121.9949090,-1,8.29,238.0,176,150,320,-439,-703,158,37.4117526,-121.9950056
270607776,2,11,37.4119354,-121.9949165,-1,8.20,240.1,176,150,319,-408,-712,116,37.4117526,-121.9950056
270708058,2,11,37.4119317,-121.9949240,-1,8.07,240.5,176,150,318,-396,-703,135,37.4117526,-121.9950056
270808369,2,11,37.4119283,-121.9949315,-1,7.91,242.3,176,149,316,-367,-701,154,37.4117526,-121.9950056
270909099,2,11,37.4119251,-121.9949388,-1,7.68,243.0,176,149,316,-338,-689,175,37.4117526,-121.9950056
271009326,2,11,37.4119220,-121.9949461,-1,7.71,243.2,176,149,315,-344,-690,147,37.4117526,-121.9950056
271109690,2,11,37.4119190,-121.9949531,-1,7.45,242.9,176,149,315,-342,-662,101,37.4117526,-121.9950056
271210297,2,11,37.4119159,-121.9949601,-1,7.30,242.9,176,148,314,-331,-651,149,37.4117526,-121.9950056
271311716,2,10,37.4119131,-121.9949670,-2,7.19,243.7,241,148,315,-308,-649,205,37.4117526,-121.9950056
271412087,2,10,37.4119102,-121.9949738,-2,7.01,243.4,241,148,315,-317,-625,242,37.4117526,-121.9950056
271512381,2,11,37.4119071,-121.9949805,-2,7.31,241.8,176,147,314,-359,-636,249,37.4117526,-121.9950056
271612848,2,10,37.4119039,-121.9949872,-2,7.27,239.9,241,147,314,-384,-617,227,37.4117526,-121.9950056
271713539,2,10,37.4119004,-121.9949940,-2,7.39,238.8,241,147,314,-393,-625,222,37.4117526,-121.9950056
271813952,2,11,37.4118968,-121.9950007,-3,7.27,238.9,176,146,314,-375,-623,279,37.4117526,-121.9950056
271914349,2,11,37.4118933,-121.9950074,-3,7.31,238.2,176,145,313,-385,-621,349,37.4117526,-121.9950056
272014989,2,11,37.4118897,-121.9950143,-3,7.47,236.9,176,145,312,-407,-626,374,37.4117526,-121.9950056
272115852,2,11,37.4118860,-121.9950212,-4,7.74,236.8,176,144,311,-423,-648,359,37.4117526,-121.9950056
272216250,2,11,37.4118820,-121.9950276,-4,7.75,233.6,176,144,310,-508,-586,171,37.4117526,-121.9950056
272283365,2,11,37.4118820,-121.9950276,-4,7.75,233.6,176,144,310,-508,-586,171,37.4117526,-121.9950056
272316690,2,11,37.4118792,-121.9950317,-4,4.22,233.8,176,144,310,-245,-343,80,37.4117526,-121.9950056
272417125,2,11,37.4118775,-121.9950343,-4,2.95,235.5,176,144,310,-152,-253,77,37.4117526,-121.9950056
272517854,2,11,37.4118765,-121.9950359,-4,2.13,234.8,176,143,310,-126,-171,32,37.4117526,-121.9950056
272618207,2,11,37.4118760,-121.9950368,-4,1.27,242.3,176,143,309,-24,-125,53,37.4117526,-121.9950056
272718314,2,11,37.4118761,-121.9950369,-4,0.32,242.3,176,142,309,-4,-31,27,37.4117526,-121.9950056
272818671,2,11,37.4118763,-121.9950365,-4,0.20,242.3,176,142,309,9,18,19,37.4117526,-121.9950056
272898991,2,11,37.4118762,-121.9950361,-4,0.12,242.3,176,142,309,-7,-10,23,37.4117526,-121.9950056
