t_ms,msp,motor,servo0,servo1,gyro_p,gyro_q,gyro_r,acc_x,acc_y,acc_z,qw,qx,qy,qz,pos_n,pos_e,pos_d,vel_n,vel_e,vel_d,tgtpos_n,tgtpos_e,tgtpos_d,rcData0,rcData1,rcData2,rcData3
266183.9290,3.0000,1561.0000,1460.0000,1528.0000,3.0000,0.0000,-20.0000,-74.0000,-160.0000,2134.0000,0.1113,-0.0533,-0.0029,0.9924,139.6800,-58.7100,-81.3200,-24.6500,1.8100,1.3900,0.0000,0.0000,-0.0000,1500.0000,1500.0000,1500.0000,1585.0000
266200.5970,3.0000,1562.0000,1461.0000,1529.0000,5.0000,1.0000,-20.0000,-175.0000,-229.0000,2104.0000,0.1144,-0.0533,-0.0019,0.9920,139.2000,-58.6700,-81.3000,-24.6300,1.7800,1.3700,0.0000,0.0000,-0.0000,1500.0000,1500.0000,1500.0000,1586.0000
266217.2230,3.0000,1563.0000,1462.0000,1530.0000,6.0000,0.0000,-19.0000,-70.0000,-261.0000,2039.0000,0.1173,-0.0530,-0.0006,0.9917,138.7400,-58.6400,-81.2900,-24.5900,1.7400,1.3500,0.0000,0.0000,-0.0000,1500.0000,1500.0000,1500.0000,1586.0000
266233.9410,3.0000,1563.0000,1461.0000,1531.0000,6.0000,2.0000,-16.0000,29.0000,-21.0000,1880.0000,0.1200,-0.0528,0.0007,0.9914,138.2200,-58.6100,-81.2800,-24.5900,1.7200,1.3400,0.0000,0.0000,-0.0000,1500.0000,1500.0000,1500.0000,1586.0000
266250.8780,3.0000,1561.0000,1461.0000,1531.0000,6.0000,2.0000,-12.0000,-24.0000,-23.0000,1856.0000,0.1222,-0.0526,0.0021,0.9911,138.2200,-58.6100,-81.2800,-24.5900,1.7200,1.3400,0.0000,0.0000,-0.0000,1500.0000,1498.0000,1500.0000,1585.0000
266267.3600,3.0000,1563.0000,1465.0000,1529.0000,9.0000,-4.0000,-9.0000,-94.0000,-239.0000,1939.0000,0.1239,-0.0519,0.0036,0.9909,137.7300,-58.5700,-81.2700,-24.5900,1.7200,1.3400,0.0000,0.0000,-0.0000,1500.0000,1500.0000,1500.0000,1586.0000
266283.9370,3.0000,1563.0000,1465.0000,1529.0000,9.0000,-4.0000,-5.0000,-108.0000,-349.0000,2002.0000,0.1250,-0.0511,0.0054,0.9908,137.2400,-58.5400,-81.2500,-24.5700,1.7000,1.3400,0.0000,0.0000,-0.0000,1500.0000,1498.0000,1500.0000,1586.0000
266300.6060,3.0000,1563.0000,1465.0000,1529.0000,9.0000,-3.0000,-1.0000,-216.0000,-278.0000,2019.0000,0.1256,-0.0504,0.0072,0.9908,136.7700,-58.5100,-81.2400,-24.5200,1.6700,1.3300,0.0000,0.0000,-0.0000,1500.0000,1500.0000,1500.0000,1586.0000
266317.2100,3.0000,1563.0000,1465.0000,1529.0000,7.0000,-3.0000,4.0000,-241.0000,-234.0000,2050.0000,0.1256,-0.0498,0.0087,0.9908,136.3000,-58.4800,-81.2300,-24.4700,1.6400,1.3200,0.0000,0.0000,-0.0000,1500.0000,1500.0000,1500.0000,1587.0000
266334.1050,3.0000,1563.0000,1468.0000,1530.0000,9.0000,-6.0000,7.0000,-169.0000,-250.0000,2125.0000,0.1249,-0.0491,0.0099,0.9909,135.7900,-58.4500,-81.2200,-24.4700,1.6100,1.3000,0.0000,0.0000,-0.0000,1497.0000,1500.0000,1500.0000,1586.0000
266350.9210,3.0000,1563.0000,1466.0000,1528.0000,9.0000,-6.0000,9.0000,34.0000,-241.0000,2124.0000,0.1239,-0.0482,0.0110,0.9911,135.7900,-58.4500,-81.2200,-24.4700,1.6100,1.3000,0.0000,0.0000,-0.0000,1500.0000,1500.0000,1500.0000,1586.0000
266367.7220,3.0000,1563.0000,1468.0000,1526.0000,8.0000,-8.0000,11.0000,13.0000,-274.0000,2186.0000,0.1227,-0.0469,0.0118,0.9913,135.3000,-58.4200,-81.2100,-24.4600,1.5700,1.2800,0.0000,0.0000,-0.0000,1500.0000,1500.0000,1500.0000,1587.0000
266384.4090,3.0000,1563.0000,1467.0000,1525.0000,6.0000,-9.0000,12.0000,-45.0000,-278.0000,2250.0000,0.1213,-0.0455,0.0122,0.9915,134.8100,-58.3900,-81.2000,-24.4500,1.5400,1.2600,0.0000,0.0000,-0.0000,1500.0000,1500.0000,1500.0000,1586.0000
266401.2020,3.0000,1563.0000,1464.0000,1524.0000,1.0000,-7.0000,12.0000,-54.0000,-286.0000,2321.0000,0.1199,-0.0442,0.0120,0.9917,134.3400,-58.3600,-81.1900,-24.4300,1.5000,1.2200,0.0000,0.0000,-0.0000,1500.0000,1500.0000,1500.0000,1587.0000
266417.8490,3.0000,1563.0000,1462.0000,1520.0000,-3.0000,-8.0000,10.0000,11.0000,-224.0000,2313.0000,0.1185,-0.0430,0.0109,0.9920,133.8700,-58.3400,-81.1800,-24.4000,1.4600,1.1800,0.0000,0.0000,-0.0000,1500.0000,1500.0000,1500.0000,1586.0000
266434.4580,3.0000,1563.0000,1462.0000,1520.0000,-4.0000,-8.0000,9.0000,61.0000,-118.0000,2259.0000,0.1173,-0.0418,0.0095,0.9922,133.3600,-58.3100,-81.1700,-24.4200,1.4300,1.1500,0.0000,0.0000,-0.0000,1500.0000,1498.0000,1500.0000,1587.0000
266451.1710,3.0000,1563.0000,1463.0000,1521.0000,-2.0000,-7.0000,7.0000,37.0000,-102.0000,2244.0000,0.1164,-0.0406,0.0081,0.9923,133.3600,-58.3100,-81.1700,-24.4200,1.4300,1.1500,0.0000,0.0000,-0.0000,1500.0000,1500.0000,1500.0000,1586.0000
266467.6650,3.0000,1563.0000,1463.0000,1523.0000,-1.0000,-6.0000,3.0000,-118.0000,-39.0000,2290.0000,0.1158,-0.0396,0.0072,0.9924,132.8700,-58.2800,-81.1600,-24.4200,1.4000,1.1100,0.0000,0.0000,-0.0000,1500.0000,1500.0000,1500.0000,1586.0000
266484.2260,3.0000,1563.0000,1461.0000,1523.0000,-2.0000,-3.0000,1.0000,-32.0000,-21.0000,2242.0000,0.1156,-0.0390,0.0064,0.9925,132.3900,-58.2600,-81.1500,-24.4100,1.3900,1.0800,0.0000,0.0000,-0.0000,1500.0000,1498.0000,1500.0000,1587.0000
266500.8760,3.0000,1563.0000,1464.0000,1524.0000,2.0000,-5.0000,-1.0000,-58.0000,-24.0000,2255.0000,0.1158,-0.0384,0.0057,0.9925,131.9200,-58.2400,-81.1500,-24.3800,1.3700,1.0500,0.0000,0.0000,-0.0000,1500.0000,1500.0000,1500.0000,1586.0000
266517.6360,3.0000,1563.0000,1467.0000,1525.0000,4.0000,-6.0000,-3.0000,-7.0000,-91.0000,2276.0000,0.1163,-0.0376,0.0057,0.9925,131.4500,-58.2100,-81.1400,-24.3500,1.3600,1.0200,0.0000,0.0000,-0.0000,1498.0000,1500.0000,1500.0000,1586.0000
266534.1870,3.0000,1561.0000,1467.0000,1527.0000,7.0000,-5.0000,-6.0000,101.0000,-13.0000,2212.0000,0.1172,-0.0364,0.0060,0.9924,131.4500,-58.2100,-81.1400,-24.3500,1.3600,1.0200,0.0000,0.0000,-0.0000,1500.0000,1500.0000,1500.0000,1585.0000
266550.8350,3.0000,1563.0000,1469.0000,1527.0000,7.0000,-5.0000,-7.0000,91.0000,-200.0000,2276.0000,0.1183,-0.0352,0.0068,0.9923,130.9500,-58.1900,-81.1300,-24.3700,1.3400,0.9900,0.0000,0.0000,-0.0000,1500.0000,1500.0000,1500.0000,1586.0000
266567.3540,3.0000,1563.0000,1467.0000,1527.0000,7.0000,-4.0000,-8.0000,91.0000,-222.0000,2238.0000,0.1196,-0.0342,0.0075,0.9922,130.4600,-58.1600,-81.1300,-24.3800,1.3200,0.9500,0.0000,0.0000,-0.0000,1500.0000,1500.0000,1500.0000,1586.0000
266583.9330,3.0000,1563.0000,1468.0000,1528.0000,8.0000,-4.0000,-9.0000,-26.0000,-203.0000,2253.0000,0.1211,-0.0332,0.0085,0.9921,129.9800,-58.1400,-81.1200,-24.3600,1.2800,0.9200,0.0000,0.0000,-0.0000,1500.0000,1500.0000,1500.0000,1586.0000
266600.5730,3.0000,1563.0000,1465.0000,1529.0000,7.0000,-1.0000,-9.0000,-35.0000,-42.0000,2139.0000,0.1226,-0.0325,0.0097,0.9919,129.5200,-58.1200,-81.1200,-24.3300,1.2600,0.9000,0.0000,0.0000,-0.0000,1500.0000,1500.0000,1500.0000,1586.0000
266617.1580,3.0000,1563.0000,1464.0000,1526.0000,3.0000,-1.0000,-9.0000,-6.0000,-127.0000,2161.0000,0.1242,-0.0320,0.0108,0.9917,129.0600,-58.1000,-81.1100,-24.3000,1.2500,0.8800,0.0000,0.0000,-0.0000,1500.0000,1500.0000,1500.0000,1587.0000
266633.6680,3.0000,1563.0000,1462.0000,1526.0000,1.0000,1.0000,-8.0000,11.0000,-142.0000,2134.0000,0.1256,-0.0316,0.0114,0.9915,129.0600,-58.1000,-81.1100,-24.3000,1.2500,0.8800,0.0000,0.0000,-0.0000,1498.0000,1498.0000,1500.0000,1586.0000
266650.4230,3.0000,1563.0000,1463.0000,1525.0000,1.0000,-1.0000,-8.0000,61.0000,-96.0000,2056.0000,0.1269,-0.0312,0.0118,0.9914,128.5500,-58.0800,-81.1100,-24.3100,1.2200,0.8600,0.0000,0.0000,-0.0000,1500.0000,1500.0000,1500.0000,1587.0000
266667.0110,3.0000,1563.0000,1464.0000,1526.0000,2.0000,-1.0000,-7.0000,90.0000,-56.0000,2052.0000,0.1282,-0.0307,0.0123,0.9912,128.0600,-58.0600,-81.1000,-24.3100,1.2000,0.8500,0.0000,0.0000,-0.0000,1500.0000,1500.0000,1500.0000,1586.0000
266683.6360,3.0000,1563.0000,1463.0000,1527.0000,3.0000,0.0000,-6.0000,-7.0000,-116.0000,2125.0000,0.1293,-0.0304,0.0129,0.9911,127.5900,-58.0400,-81.1000,-24.3000,1.1800,0.8400,0.0000,0.0000,-0.0000,1500.0000,1500.0000,1500.0000,1586.0000
266700.2200,3.0000,1563.0000,1465.0000,1527.0000,3.0000,0.0000,-6.0000,-65.0000,-116.0000,2094.0000,0.1303,-0.0300,0.0136,0.9909,127.1300,-58.0200,-81.1000,-24.2600,1.1600,0.8300,0.0000,0.0000,-0.0000,1500.0000,1500.0000,1500.0000,1586.0000
266716.7090,3.0000,1563.0000,1467.0000,1527.0000,5.0000,-3.0000,-5.0000,-102.0000,-146.0000,2113.0000,0.1313,-0.0297,0.0144,0.9908,127.1300,-58.0200,-81.1000,-24.2600,1.1600,0.8300,0.0000,0.0000,-0.0000,1500.0000,1500.0000,1500.0000,1587.0000
266733.3830,3.0000,1563.0000,1467.0000,1527.0000,6.0000,-3.0000,-5.0000,-40.0000,-260.0000,2188.0000,0.1321,-0.0292,0.0153,0.9907,126.6600,-58.0000,-81.0900,-24.2300,1.1400,0.8100,0.0000,0.0000,-0.0000,1500.0000,1500.0000,1500.0000,1586.0000
266750.0640,3.0000,1561.0000,1469.0000,1527.0000,8.0000,-4.0000,-4.0000,83.0000,-329.0000,2229.0000,0.1328,-0.0285,0.0163,0.9906,126.1600,-57.9800,-81.0900,-24.2300,1.1100,0.7900,0.0000,0.0000,-0.0000,1500.0000,1498.0000,1500.0000,1585.0000
266766.5750,3.0000,1563.0000,1471.0000,1529.0000,11.0000,-5.0000,-3.0000,131.0000,-302.0000,2214.0000,0.1335,-0.0275,0.0176,0.9905,125.6700,-57.9600,-81.0900,-24.2400,1.0700,0.7600,0.0000,0.0000,-0.0000,1500.0000,1500.0000,1500.0000,1586.0000
266783.3030,3.0000,1563.0000,1471.0000,1529.0000,12.0000,-4.0000,-2.0000,10.0000,-158.0000,2217.0000,0.1340,-0.0266,0.0192,0.9904,125.2000,-57.9400,-81.0800,-24.2300,1.0300,0.7300,0.0000,0.0000,-0.0000,1500.0000,1500.0000,1500.0000,1586.0000
266799.8060,3.0000,1563.0000,1471.0000,1529.0000,11.0000,-4.0000,-1.0000,-128.0000,-146.0000,2312.0000,0.1344,-0.0258,0.0208,0.9904,124.7400,-57.9200,-81.0800,-24.1900,1.0100,0.7000,0.0000,0.0000,-0.0000,1500.0000,1500.0000,1500.0000,1586.0000
266816.2670,3.0000,1563.0000,1469.0000,1529.0000,9.0000,-3.0000,0.0000,33.0000,-166.0000,2228.0000,0.1347,-0.0249,0.0222,0.9903,124.7400,-57.9200,-81.0800,-24.1900,1.0100,0.7000,0.0000,0.0000,-0.0000,1500.0000,1500.0000,1500.0000,1586.0000
266832.7830,3.0000,1563.0000,1471.0000,1527.0000,9.0000,-6.0000,0.0000,-129.0000,-194.0000,2269.0000,0.1348,-0.0234,0.0232,0.9903,124.2800,-57.9100,-81.0800,-24.1600,0.9900,0.6600,0.0000,0.0000,-0.0000,1500.0000,1500.0000,1500.0000,1586.0000
266849.4780,3.0000,1561.0000,1470.0000,1528.0000,8.0000,-5.0000,2.0000,-118.0000,-292.0000,2299.0000,0.1348,-0.0220,0.0242,0.9903,123.7800,-57.8900,-81.0800,-24.1600,0.9600,0.6300,0.0000,0.0000,-0.0000,1500.0000,1500.0000,1500.0000,1585.0000
266865.9050,3.0000,1562.0000,1470.0000,1528.0000,8.0000,-4.0000,3.0000,-45.0000,-166.0000,2201.0000,0.1347,-0.0209,0.0251,0.9904,123.3000,-57.8700,-81.0900,-24.1300,0.9200,0.5900,0.0000,0.0000,-0.0000,1500.0000,1500.0000,1500.0000,1586.0000
266882.5520,3.0000,1563.0000,1469.0000,1527.0000,7.0000,-4.0000,3.0000,-8.0000,-185.0000,2242.0000,0.1344,-0.0198,0.0259,0.9904,122.8300,-57.8600,-81.0900,-24.1000,0.8900,0.5700,0.0000,0.0000,-0.0000,1500.0000,1500.0000,1500.0000,1586.0000
266899.0510,3.0000,1563.0000,1472.0000,1528.0000,9.0000,-5.0000,4.0000,108.0000,-126.0000,2179.0000,0.1341,-0.0188,0.0265,0.9904,122.8300,-57.8600,-81.0900,-24.1000,0.8900,0.5700,0.0000,0.0000,-0.0000,1500.0000,1500.0000,1500.0000,1586.0000
266915.6860,3.0000,1563.0000,1472.0000,1528.0000,11.0000,-5.0000,3.0000,51.0000,-232.0000,2300.0000,0.1338,-0.0176,0.0275,0.9905,122.3700,-57.8400,-81.0900,-24.0600,0.8700,0.5400,0.0000,0.0000,-0.0000,1500.0000,1500.0000,1500.0000,1586.0000
266932.4320,3.0000,1563.0000,1472.0000,1530.0000,12.0000,-2.0000,2.0000,-15.0000,-87.0000,2314.0000,0.1336,-0.0169,0.0288,0.9905,121.9100,-57.8300,-81.0900,-24.0400,0.8300,0.5200,0.0000,0.0000,-0.0000,1500.0000,1500.0000,1500.0000,1586.0000
266949.1430,3.0000,1563.0000,1470.0000,1530.0000,10.0000,-2.0000,0.0000,33.0000,-48.0000,2336.0000,0.1336,-0.0164,0.0300,0.9904,121.4200,-57.8200,-81.1000,-24.0500,0.8100,0.4800,0.0000,0.0000,-0.0000,1500.0000,1498.0000,1500.0000,1586.0000
266965.7490,3.0000,1563.0000,1471.0000,1529.0000,10.0000,-2.0000,-2.0000,4.0000,-140.0000,2384.0000,0.1340,-0.0158,0.0312,0.9904,120.9300,-57.8000,-81.1000,-24.0500,0.7800,0.4300,0.0000,0.0000,-0.0000,1500.0000,1500.0000,1500.0000,1587.0000
266982.6200,2.0000,1652.0000,1007.0000,1871.0000,10.0000,-4.0000,-5.0000,-47.0000,-165.0000,2341.0000,0.1347,-0.0150,0.0322,0.9902,120.4600,-57.7900,-81.1100,-24.0200,0.7500,0.3900,0.0000,0.0000,-0.0000,1564.0000,1067.0000,1500.0000,1671.0000
266999.3300,2.0000,1660.0000,1008.0000,1874.0000,7.0000,-3.0000,-8.0000,69.0000,-233.0000,2285.0000,0.1358,-0.0144,0.0331,0.9901,120.4600,-57.7900,-81.1100,-24.0200,0.7500,0.3900,0.0000,0.0000,-0.0000,1553.0000,1066.0000,1500.0000,1706.0000
267016.1600,2.0000,1689.0000,1015.0000,1883.0000,2.0000,-17.0000,-6.0000,87.0000,-60.0000,1638.0000,0.1370,-0.0129,0.0336,0.9899,120.0000,-57.7800,-81.1100,-23.9900,0.7200,0.3500,0.0000,0.0000,-0.0000,1553.0000,1066.0000,1500.0000,1706.0000
267032.9030,2.0000,1689.0000,1015.0000,1883.0000,-2.0000,-49.0000,-11.0000,161.0000,-86.0000,960.0000,0.1386,-0.0084,0.0328,0.9898,119.5500,-57.7700,-81.1200,-23.9700,0.6900,0.3600,0.0000,0.0000,-0.0000,1553.0000,1066.0000,1500.0000,1706.0000
267049.9820,2.0000,1689.0000,1015.0000,1883.0000,3.0000,-94.0000,-17.0000,-262.0000,-226.0000,1041.0000,0.1411,0.0022,0.0314,0.9895,119.0500,-57.7600,-81.1300,-23.9900,0.6700,0.4400,0.0000,0.0000,-0.0000,1553.0000,1066.0000,1500.0000,1706.0000
267067.0370,2.0000,1689.0000,1015.0000,1883.0000,12.0000,-137.0000,-21.0000,-168.0000,-229.0000,2302.0000,0.1446,0.0193,0.0304,0.9888,118.5800,-57.7400,-81.1300,-23.9500,0.6500,0.5200,0.0000,0.0000,-0.0000,1553.0000,1066.0000,1500.0000,1706.0000
267083.5920,2.0000,1689.0000,1015.0000,1883.0000,16.0000,-160.0000,-26.0000,-152.0000,-80.0000,3942.0000,0.1488,0.0410,0.0295,0.9876,118.1100,-57.7400,-81.1400,-23.9000,0.6200,0.4400,0.0000,0.0000,-0.0000,1553.0000,1066.0000,1500.0000,1706.0000
267100.3120,2.0000,1696.0000,1018.0000,1886.0000,23.0000,-179.0000,-32.0000,330.0000,-168.0000,6149.0000,0.1536,0.0657,0.0286,0.9855,118.1100,-57.7400,-81.1400,-23.9000,0.6200,0.4400,0.0000,0.0000,-0.0000,1550.0000,1066.0000,1500.0000,1714.0000
267117.1610,2.0000,1697.0000,1018.0000,1886.0000,25.0000,-189.0000,-31.0000,442.0000,-351.0000,7536.0000,0.1589,0.0935,0.0280,0.9825,117.6600,-57.7300,-81.1500,-23.8100,0.5900,0.1600,0.0000,0.0000,-0.0000,1550.0000,1066.0000,1500.0000,1714.0000
267133.7200,2.0000,1697.0000,1018.0000,1886.0000,22.0000,-187.0000,-30.0000,628.0000,-432.0000,8739.0000,0.1641,0.1208,0.0272,0.9786,117.2200,-57.7200,-81.1600,-23.6900,0.5200,-0.3000,0.0000,0.0000,-0.0000,1550.0000,1066.0000,1500.0000,1714.0000
267150.7710,2.0000,1697.0000,1018.0000,1886.0000,14.0000,-179.0000,-25.0000,838.0000,-526.0000,9796.0000,0.1685,0.1477,0.0258,0.9742,116.7200,-57.7200,-81.1900,-23.5500,0.4500,-0.8900,0.0000,0.0000,-0.0000,1550.0000,1066.0000,1500.0000,1714.0000
267167.8900,2.0000,1697.0000,1018.0000,1886.0000,9.0000,-156.0000,-31.0000,992.0000,-555.0000,10711.0000,0.1731,0.1729,0.0238,0.9693,116.2600,-57.7100,-81.2300,-23.3300,0.3900,-1.5800,0.0000,0.0000,-0.0000,1550.0000,1066.0000,1500.0000,1714.0000
267184.8700,2.0000,1697.0000,1018.0000,1886.0000,9.0000,-131.0000,-27.0000,906.0000,-532.0000,10702.0000,0.1777,0.1936,0.0218,0.9646,115.8300,-57.7100,-81.2900,-23.0500,0.3400,-2.3400,0.0000,0.0000,-0.0000,1550.0000,1066.0000,1500.0000,1714.0000
267201.8370,2.0000,1697.0000,1018.0000,1886.0000,9.0000,-105.0000,-27.0000,855.0000,-727.0000,10415.0000,0.1820,0.2106,0.0207,0.9603,115.8300,-57.7100,-81.2900,-23.0500,0.3400,-2.3400,0.0000,0.0000,-0.0000,1550.0000,1066.0000,1500.0000,1714.0000
267218.7750,2.0000,1205.0000,1000.0000,1569.0000,15.0000,-83.0000,-29.0000,743.0000,-687.0000,9593.0000,0.1862,0.2240,0.0209,0.9564,115.3900,-57.7100,-81.3600,-22.7700,0.3000,-3.1100,0.0000,0.0000,-0.0000,1860.0000,1076.0000,1500.0000,1243.0000
267235.6110,2.0000,1200.0000,1000.0000,1565.0000,19.0000,-52.0000,-30.0000,613.0000,-590.0000,9151.0000,0.1903,0.2343,0.0225,0.9531,114.8700,-57.7100,-81.4400,-22.5500,0.2700,-3.7500,0.0000,0.0000,-0.0000,1860.0000,1076.0000,1500.0000,1243.0000
267252.6040,2.0000,1200.0000,1000.0000,1565.0000,27.0000,-28.0000,-26.0000,488.0000,-630.0000,8534.0000,0.1938,0.2405,0.0255,0.9508,114.3900,-57.7100,-81.5300,-22.3100,0.2500,-4.3300,0.0000,0.0000,-0.0000,1860.0000,1076.0000,1500.0000,1243.0000
267269.5420,2.0000,1200.0000,1000.0000,1565.0000,40.0000,-5.0000,-22.0000,336.0000,-563.0000,7545.0000,0.1961,0.2436,0.0305,0.9494,113.9600,-57.7100,-81.6300,-22.0900,0.2400,-4.8400,0.0000,0.0000,-0.0000,1860.0000,1076.0000,1500.0000,1243.0000
267286.3220,2.0000,1200.0000,1000.0000,1565.0000,56.0000,13.0000,-23.0000,95.0000,-420.0000,6322.0000,0.1976,0.2443,0.0382,0.9486,113.5400,-57.7100,-81.7400,-21.8800,0.2300,-5.2500,0.0000,0.0000,-0.0000,1860.0000,1076.0000,1500.0000,1243.0000
267302.8360,2.0000,1200.0000,1000.0000,1565.0000,72.0000,16.0000,-25.0000,-193.0000,-471.0000,5124.0000,0.1986,0.2439,0.0481,0.9480,113.5400,-57.7100,-81.7400,-21.8800,0.2300,-5.2500,0.0000,0.0000,-0.0000,1860.0000,1076.0000,1500.0000,1243.0000
267319.6710,2.0000,1204.0000,1000.0000,1567.0000,88.0000,10.0000,-26.0000,-346.0000,-505.0000,4254.0000,0.1991,0.2442,0.0606,0.9471,113.1400,-57.7000,-81.8500,-21.7000,0.2200,-5.5300,0.0000,0.0000,-0.0000,1858.0000,1076.0000,1500.0000,1247.0000
267336.3990,2.0000,1204.0000,1000.0000,1567.0000,95.0000,4.0000,-28.0000,-416.0000,-416.0000,3726.0000,0.1992,0.2457,0.0746,0.9457,112.7300,-57.7000,-81.9700,-21.5200,0.2100,-5.7000,0.0000,0.0000,-0.0000,1858.0000,1076.0000,1500.0000,1247.0000
267353.3740,2.0000,1204.0000,1000.0000,1567.0000,95.0000,-4.0000,-27.0000,-404.0000,-375.0000,3424.0000,0.1995,0.2480,0.0889,0.9438,112.2800,-57.7000,-82.0900,-21.3200,0.2100,-5.8000,0.0000,0.0000,-0.0000,1858.0000,1076.0000,1500.0000,1247.0000
267370.2780,2.0000,1204.0000,1000.0000,1567.0000,100.0000,-15.0000,-24.0000,-431.0000,-437.0000,3030.0000,0.1995,0.2519,0.1032,0.9413,111.8600,-57.6900,-82.2200,-21.1400,0.2100,-5.8700,0.0000,0.0000,-0.0000,1858.0000,1076.0000,1500.0000,1247.0000
267387.0910,2.0000,1204.0000,1000.0000,1567.0000,106.0000,-29.0000,-24.0000,-410.0000,-369.0000,2702.0000,0.1990,0.2575,0.1180,0.9382,111.4400,-57.6900,-82.3400,-20.9700,0.2000,-5.8900,0.0000,0.0000,-0.0000,1858.0000,1076.0000,1500.0000,1247.0000
267404.0330,2.0000,1000.0000,1000.0000,1583.0000,112.0000,-42.0000,-23.0000,-385.0000,-387.0000,2643.0000,0.1984,0.2653,0.1330,0.9341,111.4400,-57.6900,-82.3400,-20.9700,0.2000,-5.8900,0.0000,0.0000,-0.0000,1762.0000,1099.0000,1500.0000,1098.0000
267421.0250,2.0000,1000.0000,1000.0000,1640.0000,118.0000,-58.0000,-21.0000,-420.0000,-353.0000,2898.0000,0.1975,0.2753,0.1484,0.9291,111.0200,-57.6900,-82.4600,-20.7900,0.1700,-5.8900,0.0000,0.0000,-0.0000,1762.0000,1099.0000,1500.0000,1098.0000
267437.9050,2.0000,1000.0000,1000.0000,1640.0000,124.0000,-72.0000,-19.0000,-406.0000,-315.0000,3276.0000,0.1962,0.2873,0.1639,0.9231,110.5900,-57.6800,-82.5900,-20.5700,0.1300,-5.9000,0.0000,0.0000,-0.0000,1762.0000,1099.0000,1500.0000,1098.0000
267454.8680,2.0000,1000.0000,1000.0000,1640.0000,114.0000,-81.0000,-19.0000,-446.0000,-382.0000,3890.0000,0.1954,0.3009,0.1787,0.9161,110.1600,-57.6800,-82.7200,-20.3100,0.0800,-5.9300,0.0000,0.0000,-0.0000,1762.0000,1099.0000,1500.0000,1098.0000
267471.9380,2.0000,1000.0000,1000.0000,1640.0000,105.0000,-88.0000,-18.0000,-367.0000,-291.0000,4191.0000,0.1950,0.3151,0.1921,0.9087,109.7600,-57.6800,-82.8400,-20.0100,0.0100,-5.9900,0.0000,0.0000,-0.0000,1762.0000,1099.0000,1500.0000,1098.0000
267488.6180,2.0000,1000.0000,1000.0000,1640.0000,114.0000,-97.0000,-14.0000,-301.0000,-395.0000,4806.0000,0.1943,0.3299,0.2046,0.9008,109.3700,-57.6800,-82.9700,-19.6700,-0.0600,-6.0900,0.0000,0.0000,-0.0000,1762.0000,1099.0000,1500.0000,1098.0000
267505.2870,2.0000,1691.0000,1000.0000,1450.0000,94.0000,-94.0000,-16.0000,-253.0000,-243.0000,4805.0000,0.1937,0.3444,0.2163,0.8928,109.3700,-57.6800,-82.9700,-19.6700,-0.0600,-6.0900,0.0000,0.0000,-0.0000,1996.0000,1064.0000,1500.0000,1738.0000
267522.2230,2.0000,1722.0000,1000.0000,1441.0000,91.0000,-95.0000,-15.0000,-249.0000,-145.0000,4886.0000,0.1933,0.3589,0.2269,0.8845,108.9700,-57.6800,-83.1100,-19.3000,-0.1900,-6.2000,0.0000,0.0000,-0.0000,1996.0000,1064.0000,1500.0000,1738.0000
267538.9710,2.0000,1722.0000,1000.0000,1441.0000,85.0000,-87.0000,-16.0000,-194.0000,-174.0000,5291.0000,0.1932,0.3724,0.2366,0.8764,108.5600,-57.6900,-83.2400,-18.9300,-0.3300,-6.3000,0.0000,0.0000,-0.0000,1996.0000,1064.0000,1500.0000,1738.0000
267556.0710,2.0000,1722.0000,1000.0000,1441.0000,77.0000,-78.0000,-20.0000,159.0000,-212.0000,5410.0000,0.1939,0.3848,0.2456,0.8683,108.1800,-57.7000,-83.3800,-18.5300,-0.4900,-6.4200,0.0000,0.0000,-0.0000,1996.0000,1064.0000,1500.0000,1738.0000
267573.0660,2.0000,1722.0000,1000.0000,1441.0000,79.0000,-65.0000,-24.0000,584.0000,-157.0000,5374.0000,0.1948,0.3954,0.2546,0.8607,107.8200,-57.7100,-83.5200,-18.1500,-0.6600,-6.5400,0.0000,0.0000,-0.0000,1996.0000,1064.0000,1500.0000,1738.0000
267589.8330,2.0000,1722.0000,1000.0000,1441.0000,87.0000,-55.0000,-27.0000,758.0000,-245.0000,5201.0000,0.1951,0.4042,0.2650,0.8534,107.4700,-57.7200,-83.6600,-17.8000,-0.8400,-6.6700,0.0000,0.0000,-0.0000,1996.0000,1064.0000,1500.0000,1738.0000
267606.8770,2.0000,1954.0000,1000.0000,1550.0000,97.0000,-47.0000,-32.0000,741.0000,-210.0000,4967.0000,0.1949,0.4119,0.2771,0.8459,107.4700,-57.7200,-83.6600,-17.8000,-0.8400,-6.6700,0.0000,0.0000,-0.0000,1893.0000,1057.0000,1500.0000,1958.0000
267623.5930,2.0000,1955.0000,1000.0000,1551.0000,102.0000,-41.0000,-39.0000,823.0000,5.0000,4591.0000,0.1946,0.4185,0.2905,0.8382,107.1100,-57.7400,-83.8100,-17.4600,-1.0600,-6.7500,0.0000,0.0000,-0.0000,1893.0000,1057.0000,1500.0000,1958.0000
267640.5400,2.0000,1955.0000,1000.0000,1551.0000,95.0000,-36.0000,-38.0000,1000.0000,-152.0000,4174.0000,0.1946,0.4244,0.3043,0.8303,106.7500,-57.7700,-83.9600,-17.1300,-1.2700,-6.8100,0.0000,0.0000,-0.0000,1893.0000,1057.0000,1500.0000,1958.0000
267657.2490,2.0000,1955.0000,1000.0000,1551.0000,96.0000,-55.0000,-42.0000,1181.0000,-376.0000,3524.0000,0.1953,0.4305,0.3169,0.8223,106.4100,-57.8000,-84.1000,-16.8600,-1.4800,-6.8400,0.0000,0.0000,-0.0000,1893.0000,1057.0000,1500.0000,1958.0000
267673.9470,2.0000,1955.0000,1000.0000,1551.0000,92.0000,-50.0000,-45.0000,1495.0000,-87.0000,3633.0000,0.1965,0.4370,0.3295,0.8135,106.0800,-57.8300,-84.2500,-16.6500,-1.6800,-6.8200,0.0000,0.0000,-0.0000,1893.0000,1057.0000,1500.0000,1958.0000
267690.7530,2.0000,1955.0000,1000.0000,1551.0000,93.0000,-66.0000,-47.0000,1683.0000,-274.0000,3569.0000,0.1984,0.4438,0.3421,0.8042,105.7800,-57.8700,-84.3900,-16.4600,-1.8700,-6.7900,0.0000,0.0000,-0.0000,1893.0000,1057.0000,1500.0000,1958.0000
267707.5930,2.0000,1955.0000,1000.0000,1551.0000,96.0000,-73.0000,-50.0000,1610.0000,-350.0000,3390.0000,0.2008,0.4519,0.3546,0.7936,105.7800,-57.8700,-84.3900,-16.4600,-1.8700,-6.7900,0.0000,0.0000,-0.0000,1893.0000,1057.0000,1500.0000,1958.0000
267724.4940,2.0000,1955.0000,1000.0000,1551.0000,95.0000,-83.0000,-51.0000,1481.0000,-208.0000,3373.0000,0.2038,0.4609,0.3670,0.7819,105.4500,-57.9100,-84.5300,-16.2100,-2.1400,-6.7100,0.0000,0.0000,-0.0000,1893.0000,1057.0000,1500.0000,1958.0000
267741.1910,2.0000,1965.0000,1000.0000,1469.0000,101.0000,-95.0000,-55.0000,2012.0000,-583.0000,3789.0000,0.2074,0.4708,0.3794,0.7690,105.1100,-57.9700,-84.6700,-15.8900,-2.4500,-6.6300,0.0000,0.0000,-0.0000,1972.0000,1060.0000,1500.0000,1968.0000
267758.0700,2.0000,1965.0000,1000.0000,1469.0000,103.0000,-96.0000,-60.0000,1717.0000,-264.0000,3807.0000,0.2119,0.4812,0.3922,0.7549,104.8000,-58.0300,-84.8000,-15.5900,-2.7700,-6.5700,0.0000,0.0000,-0.0000,1972.0000,1060.0000,1500.0000,1968.0000
267774.8480,2.0000,1965.0000,1000.0000,1469.0000,108.0000,-102.0000,-63.0000,1811.0000,-256.0000,4150.0000,0.2164,0.4913,0.4051,0.7401,104.5100,-58.0900,-84.9200,-15.2600,-3.0300,-6.4800,0.0000,0.0000,-0.0000,1972.0000,1060.0000,1500.0000,1968.0000
267791.7720,2.0000,1965.0000,1000.0000,1469.0000,116.0000,-106.0000,-66.0000,1892.0000,-185.0000,4363.0000,0.2209,0.5020,0.4191,0.7236,104.2500,-58.1500,-85.0400,-14.9400,-3.2800,-6.3900,0.0000,0.0000,-0.0000,1972.0000,1060.0000,1500.0000,1968.0000
267809.0590,2.0000,1965.0000,1000.0000,1469.0000,125.0000,-106.0000,-67.0000,1731.0000,-530.0000,4287.0000,0.2249,0.5126,0.4342,0.7058,104.2500,-58.1500,-85.0400,-14.9400,-3.2800,-6.3900,0.0000,0.0000,-0.0000,1972.0000,1060.0000,1500.0000,1968.0000
267825.6030,2.0000,1965.0000,1000.0000,1469.0000,128.0000,-113.0000,-67.0000,1745.0000,-620.0000,4504.0000,0.2283,0.5231,0.4490,0.6874,103.9600,-58.2300,-85.1600,-14.6100,-3.5900,-6.2700,0.0000,0.0000,-0.0000,1972.0000,1060.0000,1500.0000,1968.0000
267842.6410,2.0000,1977.0000,1000.0000,1526.0000,134.0000,-112.0000,-66.0000,1552.0000,-433.0000,4620.0000,0.2316,0.5339,0.4644,0.6676,103.6500,-58.3200,-85.2700,-14.2800,-3.9400,-6.1000,0.0000,0.0000,-0.0000,1916.0000,1058.0000,1500.0000,1980.0000
267859.5480,2.0000,1978.0000,1000.0000,1527.0000,134.0000,-106.0000,-64.0000,1642.0000,-346.0000,4837.0000,0.2345,0.5443,0.4791,0.6474,103.3700,-58.4100,-85.3800,-13.9400,-4.2400,-5.9200,0.0000,0.0000,-0.0000,1916.0000,1058.0000,1500.0000,1980.0000
267876.2290,2.0000,1978.0000,1000.0000,1527.0000,132.0000,-117.0000,-64.0000,1391.0000,-372.0000,4502.0000,0.2371,0.5543,0.4934,0.6270,103.1200,-58.5000,-85.4800,-13.6100,-4.4900,-5.7200,0.0000,0.0000,-0.0000,1916.0000,1058.0000,1500.0000,1980.0000
267893.1730,2.0000,1978.0000,1000.0000,1527.0000,126.0000,-113.0000,-63.0000,1385.0000,-288.0000,4466.0000,0.2400,0.5638,0.5071,0.6061,102.8800,-58.5800,-85.5700,-13.3300,-4.6800,-5.4900,0.0000,0.0000,-0.0000,1916.0000,1058.0000,1500.0000,1980.0000
267909.8310,2.0000,1978.0000,1000.0000,1527.0000,121.0000,-108.0000,-62.0000,1783.0000,-298.0000,4821.0000,0.2427,0.5725,0.5200,0.5856,102.8800,-58.5800,-85.5700,-13.3300,-4.6800,-5.4900,0.0000,0.0000,-0.0000,1916.0000,1058.0000,1500.0000,1980.0000
267926.7220,2.0000,1980.0000,1000.0000,1452.0000,122.0000,-119.0000,-62.0000,1768.0000,-608.0000,4723.0000,0.2454,0.5809,0.5325,0.5646,102.6200,-58.6900,-85.6700,-13.0200,-4.9800,-5.2500,0.0000,0.0000,-0.0000,1999.0000,1066.0000,1500.0000,1982.0000
267943.4880,2.0000,1981.0000,1000.0000,1436.0000,117.0000,-114.0000,-60.0000,2041.0000,-547.0000,5007.0000,0.2484,0.5890,0.5440,0.5436,102.3400,-58.8100,-85.7600,-12.7200,-5.3500,-4.9600,0.0000,0.0000,-0.0000,1999.0000,1066.0000,1500.0000,1982.0000
267960.3950,2.0000,1981.0000,1000.0000,1436.0000,119.0000,-118.0000,-60.0000,1803.0000,-228.0000,4763.0000,0.2517,0.5969,0.5547,0.5221,102.0900,-58.9300,-85.8400,-12.4200,-5.6700,-4.6500,0.0000,0.0000,-0.0000,1999.0000,1066.0000,1500.0000,1982.0000
267977.4580,2.0000,1981.0000,1000.0000,1436.0000,126.0000,-116.0000,-60.0000,1233.0000,-286.0000,4249.0000,0.2547,0.6051,0.5655,0.4992,101.8700,-59.0400,-85.9200,-12.1700,-5.8900,-4.3500,0.0000,0.0000,-0.0000,1999.0000,1066.0000,1500.0000,1982.0000
267994.3800,2.0000,1981.0000,1000.0000,1436.0000,136.0000,-109.0000,-59.0000,1419.0000,-253.0000,4624.0000,0.2560,0.6123,0.5769,0.4762,101.6600,-59.1500,-85.9800,-11.9500,-6.0300,-4.0200,0.0000,0.0000,-0.0000,1999.0000,1066.0000,1500.0000,1982.0000
268011.3840,2.0000,1981.0000,1000.0000,1436.0000,147.0000,-108.0000,-60.0000,1743.0000,-389.0000,4928.0000,0.2561,0.6194,0.5887,0.4520,101.6600,-59.1500,-85.9800,-11.9500,-6.0300,-4.0200,0.0000,0.0000,-0.0000,1999.0000,1066.0000,1500.0000,1982.0000
268028.0410,2.0000,1981.0000,1000.0000,1436.0000,157.0000,-103.0000,-60.0000,1544.0000,-453.0000,4516.0000,0.2545,0.6256,0.6009,0.4275,101.4200,-59.2900,-86.0500,-11.6100,-6.3200,-3.6400,0.0000,0.0000,-0.0000,1999.0000,1066.0000,1500.0000,1982.0000
268044.6730,2.0000,1987.0000,1000.0000,1435.0000,163.0000,-102.0000,-60.0000,1393.0000,-466.0000,4154.0000,0.2519,0.6316,0.6130,0.4023,101.1800,-59.4400,-86.1100,-11.2700,-6.6200,-3.2500,0.0000,0.0000,-0.0000,1999.0000,1067.0000,1500.0000,1989.0000
268061.6600,2.0000,1987.0000,1000.0000,1435.0000,170.0000,-100.0000,-62.0000,1580.0000,-330.0000,4230.0000,0.2490,0.6377,0.6250,0.3753,100.9600,-59.5800,-86.1700,-11.0000,-6.8400,-2.8500,0.0000,0.0000,-0.0000,1999.0000,1067.0000,1500.0000,1989.0000
268078.4890,2.0000,1987.0000,1000.0000,1435.0000,178.0000,-106.0000,-63.0000,1395.0000,-345.0000,4051.0000,0.2451,0.6431,0.6369,0.3474,100.7600,-59.7200,-86.2100,-10.7500,-7.0300,-2.4400,0.0000,0.0000,-0.0000,1999.0000,1067.0000,1500.0000,1989.0000
268095.4670,2.0000,1987.0000,1000.0000,1435.0000,184.0000,-101.0000,-61.0000,1038.0000,-440.0000,3804.0000,0.2403,0.6479,0.6489,0.3184,100.5700,-59.8500,-86.2500,-10.5600,-7.1400,-2.0100,0.0000,0.0000,-0.0000,1999.0000,1067.0000,1500.0000,1989.0000
268112.5540,2.0000,1987.0000,1000.0000,1435.0000,197.0000,-108.0000,-60.0000,1037.0000,-618.0000,3793.0000,0.2343,0.6526,0.6605,0.2882,100.5700,-59.8500,-86.2500,-10.5600,-7.1400,-2.0100,0.0000,0.0000,-0.0000,1999.0000,1067.0000,1500.0000,1989.0000
268129.4380,2.0000,1987.0000,1000.0000,1435.0000,202.0000,-115.0000,-58.0000,898.0000,-691.0000,3551.0000,0.2283,0.6571,0.6713,0.2557,100.3700,-60.0100,-86.2800,-10.3600,-7.3900,-1.5500,0.0000,0.0000,-0.0000,1999.0000,1067.0000,1500.0000,1989.0000
268146.5110,2.0000,1975.0000,1000.0000,1512.0000,208.0000,-115.0000,-57.0000,940.0000,-396.0000,3449.0000,0.2211,0.6614,0.6814,0.2222,100.1500,-60.1900,-86.3000,-10.1900,-7.6900,-1.0600,0.0000,0.0000,-0.0000,1931.0000,1058.0000,1500.0000,1977.0000
268163.2000,2.0000,1975.0000,1000.0000,1512.0000,208.0000,-113.0000,-56.0000,1358.0000,-402.0000,3532.0000,0.2142,0.6654,0.6897,0.1887,99.9500,-60.3600,-86.3200,-10.0300,-7.9300,-0.5900,0.0000,0.0000,-0.0000,1931.0000,1058.0000,1500.0000,1977.0000
268180.1340,2.0000,1975.0000,1000.0000,1512.0000,196.0000,-122.0000,-55.0000,1190.0000,-401.0000,3355.0000,0.2080,0.6685,0.6971,0.1547,99.7600,-60.5300,-86.3200,-9.9000,-8.1600,-0.1100,0.0000,0.0000,-0.0000,1931.0000,1058.0000,1500.0000,1977.0000
268196.8100,2.0000,1975.0000,1000.0000,1512.0000,184.0000,-127.0000,-51.0000,902.0000,-362.0000,3337.0000,0.2031,0.6706,0.7031,0.1216,99.5900,-60.6800,-86.3200,-9.8000,-8.2900,0.3500,0.0000,0.0000,-0.0000,1931.0000,1058.0000,1500.0000,1977.0000
268213.4460,2.0000,1975.0000,1000.0000,1512.0000,177.0000,-131.0000,-48.0000,1104.0000,-387.0000,3696.0000,0.1993,0.6719,0.7076,0.0895,99.5900,-60.6800,-86.3200,-9.8000,-8.2900,0.3500,0.0000,0.0000,-0.0000,1931.0000,1058.0000,1500.0000,1977.0000
268230.2490,2.0000,1975.0000,1000.0000,1512.0000,173.0000,-139.0000,-47.0000,1473.0000,-292.0000,4263.0000,0.1964,0.6726,0.7112,0.0570,99.4000,-60.8800,-86.3000,-9.6400,-8.5100,0.8600,0.0000,0.0000,-0.0000,1931.0000,1058.0000,1500.0000,1977.0000
268247.6570,2.0000,1964.0000,1000.0000,1438.0000,167.0000,-146.0000,-44.0000,1592.0000,-530.0000,4628.0000,0.1947,0.6730,0.7132,0.0230,99.2000,-61.0800,-86.2800,-9.4500,-8.7600,1.4400,0.0000,0.0000,-0.0000,1998.0000,1065.0000,1500.0000,1967.0000
268264.4440,2.0000,1964.0000,1000.0000,1438.0000,163.0000,-145.0000,-41.0000,1330.0000,-689.0000,4636.0000,0.1938,0.6730,0.7137,-0.0098,99.0200,-61.2800,-86.2500,-9.3100,-8.9400,2.0700,0.0000,0.0000,-0.0000,1998.0000,1065.0000,1500.0000,1967.0000
268281.0330,2.0000,1964.0000,1000.0000,1438.0000,166.0000,-144.0000,-39.0000,1514.0000,-491.0000,5131.0000,0.1926,0.6726,0.7133,-0.0418,98.8600,-61.4700,-86.2000,-9.1900,-9.0400,2.6900,0.0000,0.0000,-0.0000,1998.0000,1065.0000,1500.0000,1967.0000
268297.8040,2.0000,1964.0000,1000.0000,1438.0000,171.0000,-136.0000,-34.0000,1878.0000,-466.0000,5675.0000,0.1905,0.6718,0.7119,-0.0739,98.8600,-61.4700,-86.2000,-9.1900,-9.0400,2.6900,0.0000,0.0000,-0.0000,1998.0000,1065.0000,1500.0000,1967.0000
268314.7930,2.0000,1964.0000,1000.0000,1438.0000,177.0000,-133.0000,-32.0000,1273.0000,-379.0000,5465.0000,0.1871,0.6708,0.7097,-0.1065,98.7000,-61.6400,-86.1400,-9.0900,-9.1000,3.4100,0.0000,0.0000,-0.0000,1998.0000,1065.0000,1500.0000,1967.0000
268331.4070,2.0000,1964.0000,1000.0000,1438.0000,179.0000,-134.0000,-27.0000,1108.0000,-584.0000,5465.0000,0.1831,0.6694,0.7066,-0.1382,98.5200,-61.8600,-86.0700,-8.9600,-9.2300,4.1300,0.0000,0.0000,-0.0000,1998.0000,1065.0000,1500.0000,1967.0000
268348.7090,2.0000,1976.0000,1000.0000,1596.0000,183.0000,-130.0000,-25.0000,1292.0000,-680.0000,5638.0000,0.1782,0.6682,0.7017,-0.1712,98.3500,-62.0800,-85.9800,-8.8800,-9.3100,4.8100,0.0000,0.0000,-0.0000,1848.0000,1057.0000,1500.0000,1978.0000
268365.7560,2.0000,1976.0000,1000.0000,1596.0000,184.0000,-129.0000,-22.0000,1502.0000,-735.0000,5857.0000,0.1730,0.6668,0.6957,-0.2038,98.1800,-62.2800,-85.8900,-8.8400,-9.3600,5.5000,0.0000,0.0000,-0.0000,1848.0000,1057.0000,1500.0000,1978.0000
268382.7910,2.0000,1976.0000,1000.0000,1596.0000,169.0000,-135.0000,-18.0000,1240.0000,-804.0000,5657.0000,0.1682,0.6647,0.6887,-0.2355,98.0200,-62.4800,-85.7700,-8.8400,-9.3600,6.2000,0.0000,0.0000,-0.0000,1848.0000,1057.0000,1500.0000,1978.0000
268399.5790,2.0000,1976.0000,1000.0000,1596.0000,151.0000,-142.0000,-14.0000,1107.0000,-598.0000,5388.0000,0.1660,0.6617,0.6814,-0.2651,97.8700,-62.6700,-85.6500,-8.8500,-9.3200,6.8300,0.0000,0.0000,-0.0000,1848.0000,1057.0000,1500.0000,1978.0000
268416.5710,2.0000,1976.0000,1000.0000,1596.0000,141.0000,-153.0000,-12.0000,1193.0000,-637.0000,5657.0000,0.1664,0.6574,0.6734,-0.2946,97.8700,-62.6700,-85.6500,-8.8500,-9.3200,6.8300,0.0000,0.0000,-0.0000,1848.0000,1057.0000,1500.0000,1978.0000
268433.5190,2.0000,1978.0000,1106.0000,1998.0000,131.0000,-154.0000,-8.0000,1386.0000,-585.0000,6100.0000,0.1679,0.6524,0.6648,-0.3228,97.7000,-62.8900,-85.5100,-8.8600,-9.3100,7.4500,0.0000,0.0000,-0.0000,1446.0000,1053.0000,1500.0000,1981.0000
268450.8340,2.0000,1979.0000,1106.0000,2000.0000,123.0000,-156.0000,-6.0000,1222.0000,-736.0000,6749.0000,0.1707,0.6469,0.6551,-0.3510,97.5200,-63.1200,-85.3700,-8.8800,-9.2800,8.1100,0.0000,0.0000,-0.0000,1446.0000,1053.0000,1500.0000,1981.0000
268467.6780,2.0000,1979.0000,1106.0000,2000.0000,112.0000,-162.0000,-4.0000,1036.0000,-389.0000,6553.0000,0.1744,0.6409,0.6452,-0.3775,97.3600,-63.3300,-85.2100,-8.9300,-9.1800,8.7400,0.0000,0.0000,-0.0000,1446.0000,1053.0000,1500.0000,1981.0000
268484.4320,2.0000,1979.0000,1106.0000,2000.0000,82.0000,-166.0000,1.0000,1256.0000,-384.0000,7132.0000,0.1804,0.6342,0.6356,-0.4017,97.2100,-63.5300,-85.0500,-8.9300,-9.0600,9.3500,0.0000,0.0000,-0.0000,1446.0000,1053.0000,1500.0000,1981.0000
268501.3500,2.0000,1979.0000,1106.0000,2000.0000,45.0000,-169.0000,10.0000,1310.0000,-477.0000,7542.0000,0.1904,0.6262,0.6267,-0.4229,97.0700,-63.7100,-84.8800,-8.9500,-8.9000,9.9600,0.0000,0.0000,-0.0000,1446.0000,1053.0000,1500.0000,1981.0000
268518.1970,2.0000,1979.0000,1106.0000,2000.0000,14.0000,-176.0000,15.0000,1402.0000,-571.0000,8018.0000,0.2045,0.6171,0.6188,-0.4409,97.0700,-63.7100,-84.8800,-8.9500,-8.9000,9.9600,0.0000,0.0000,-0.0000,1446.0000,1053.0000,1500.0000,1981.0000
268535.0310,2.0000,1979.0000,1106.0000,2000.0000,-7.0000,-180.0000,21.0000,1313.0000,-363.0000,7844.0000,0.2218,0.6069,0.6114,-0.4568,96.9000,-63.9400,-84.6900,-9.0100,-8.7800,10.5700,0.0000,0.0000,-0.0000,1446.0000,1053.0000,1500.0000,1981.0000
268551.8410,2.0000,1979.0000,1106.0000,2000.0000,-21.0000,-180.0000,23.0000,1487.0000,-245.0000,8096.0000,0.2404,0.5963,0.6041,-0.4708,96.7300,-64.1700,-84.5000,-9.0300,-8.6500,11.1500,0.0000,0.0000,-0.0000,1446.0000,1053.0000,1500.0000,1981.0000
268568.6980,2.0000,1959.0000,1000.0000,1440.0000,-31.0000,-183.0000,22.0000,1201.0000,-288.0000,8612.0000,0.2603,0.5849,0.5970,-0.4835,96.5700,-64.3800,-84.2900,-9.0200,-8.4800,11.7200,0.0000,0.0000,-0.0000,1997.0000,1064.0000,1500.0000,1962.0000
268585.5960,2.0000,1959.0000,1000.0000,1440.0000,-32.0000,-171.0000,24.0000,1725.0000,-414.0000,9242.0000,0.2799,0.5733,0.5900,-0.4948,96.4200,-64.5700,-84.0800,-9.0100,-8.2300,12.2500,0.0000,0.0000,-0.0000,1997.0000,1064.0000,1500.0000,1962.0000
268602.5350,2.0000,1959.0000,1000.0000,1440.0000,-21.0000,-164.0000,20.0000,1980.0000,-594.0000,10174.0000,0.2979,0.5621,0.5828,-0.5056,96.2900,-64.7400,-83.8700,-9.0200,-7.9300,12.8000,0.0000,0.0000,-0.0000,1997.0000,1064.0000,1500.0000,1962.0000
268619.3350,2.0000,1959.0000,1000.0000,1440.0000,1.0000,-156.0000,10.0000,1624.0000,-485.0000,10193.0000,0.3132,0.5512,0.5749,-0.5172,96.2900,-64.7400,-83.8700,-9.0200,-7.9300,12.8000,0.0000,0.0000,-0.0000,1997.0000,1064.0000,1500.0000,1962.0000
268636.1140,2.0000,1959.0000,1000.0000,1440.0000,27.0000,-139.0000,1.0000,1444.0000,-524.0000,10735.0000,0.3244,0.5416,0.5664,-0.5297,96.1200,-64.9500,-83.6400,-9.1400,-7.5100,13.3500,0.0000,0.0000,-0.0000,1997.0000,1064.0000,1500.0000,1962.0000
268653.0760,2.0000,1959.0000,1000.0000,1440.0000,59.0000,-97.0000,-7.0000,1379.0000,-509.0000,10564.0000,0.3302,0.5344,0.5570,-0.5433,95.9500,-65.1500,-83.4000,-9.2400,-7.0800,13.8100,0.0000,0.0000,-0.0000,1997.0000,1064.0000,1500.0000,1962.0000
268669.9550,2.0000,1994.0000,1289.0000,2000.0000,89.0000,-64.0000,-17.0000,1457.0000,-502.0000,9854.0000,0.3289,0.5316,0.5476,-0.5562,95.7800,-65.3400,-83.1500,-9.3400,-6.6500,14.2000,0.0000,0.0000,-0.0000,1265.0000,1055.0000,1500.0000,1995.0000
268686.8340,2.0000,1994.0000,1289.0000,2000.0000,106.0000,-43.0000,-24.0000,1188.0000,-455.0000,8574.0000,0.3229,0.5310,0.5379,-0.5695,95.6200,-65.5000,-82.9100,-9.4100,-6.3600,14.5200,0.0000,0.0000,-0.0000,1265.0000,1055.0000,1500.0000,1995.0000
268703.7420,2.0000,1994.0000,1289.0000,2000.0000,84.0000,-40.0000,-27.0000,1239.0000,-525.0000,7499.0000,0.3158,0.5305,0.5290,-0.5823,95.4800,-65.6500,-82.6700,-9.4500,-6.2200,14.7500,0.0000,0.0000,-0.0000,1265.0000,1055.0000,1500.0000,1995.0000
268720.5130,2.0000,1994.0000,1289.0000,2000.0000,38.0000,-65.0000,-22.0000,906.0000,-463.0000,5711.0000,0.3124,0.5273,0.5227,-0.5925,95.4800,-65.6500,-82.6700,-9.4500,-6.2200,14.7500,0.0000,0.0000,-0.0000,1265.0000,1055.0000,1500.0000,1995.0000
268737.2180,2.0000,1994.0000,1289.0000,2000.0000,-10.0000,-89.0000,-11.0000,767.0000,-522.0000,4981.0000,0.3152,0.5206,0.5190,-0.6002,95.2900,-65.8300,-82.4200,-9.6800,-5.9600,15.0000,0.0000,0.0000,-0.0000,1265.0000,1055.0000,1500.0000,1995.0000
268753.8660,2.0000,1927.0000,1389.0000,2000.0000,-48.0000,-116.0000,1.0000,636.0000,-518.0000,4981.0000,0.3240,0.5104,0.5166,-0.6063,95.1000,-65.9900,-82.1700,-9.8700,-5.7700,15.2100,0.0000,0.0000,-0.0000,1131.0000,1065.0000,1500.0000,1904.0000
268770.6400,2.0000,1898.0000,1434.0000,2000.0000,-74.0000,-150.0000,11.0000,695.0000,-774.0000,6399.0000,0.3386,0.4964,0.5144,-0.6118,94.9100,-66.1500,-81.9100,-10.0300,-5.5900,15.4000,0.0000,0.0000,-0.0000,1131.0000,1065.0000,1500.0000,1904.0000
268787.3240,2.0000,1898.0000,1434.0000,2000.0000,-95.0000,-162.0000,21.0000,689.0000,-589.0000,7151.0000,0.3568,0.4802,0.5122,-0.6162,94.7300,-66.2900,-81.6500,-10.1800,-5.2900,15.6100,0.0000,0.0000,-0.0000,1131.0000,1065.0000,1500.0000,1904.0000
268804.0530,2.0000,1898.0000,1434.0000,2000.0000,-113.0000,-165.0000,30.0000,1002.0000,-610.0000,8667.0000,0.3779,0.4621,0.5103,-0.6191,94.7300,-66.2900,-81.6500,-10.1800,-5.2900,15.6100,0.0000,0.0000,-0.0000,1131.0000,1065.0000,1500.0000,1904.0000
268821.1170,2.0000,1898.0000,1434.0000,2000.0000,-124.0000,-171.0000,35.0000,818.0000,-572.0000,9266.0000,0.4008,0.4428,0.5086,-0.6201,94.5700,-66.4200,-81.3800,-10.3000,-4.9000,15.7900,0.0000,0.0000,-0.0000,1131.0000,1065.0000,1500.0000,1904.0000
268838.1740,2.0000,1898.0000,1434.0000,2000.0000,-126.0000,-157.0000,42.0000,737.0000,-517.0000,9714.0000,0.4239,0.4236,0.5069,-0.6196,94.3400,-66.5400,-81.1000,-10.5400,-3.9900,15.9400,0.0000,0.0000,-0.0000,1131.0000,1065.0000,1500.0000,1904.0000
268854.8080,2.0000,1736.0000,1000.0000,1638.0000,-130.0000,-152.0000,47.0000,908.0000,-654.0000,10802.0000,0.4459,0.4058,0.5053,-0.6174,94.1200,-66.6400,-80.8200,-10.7100,-3.0800,16.0400,0.0000,0.0000,-0.0000,1812.0000,1058.0000,1500.0000,1750.0000
268871.3930,2.0000,1735.0000,1000.0000,1631.0000,-130.0000,-138.0000,50.0000,1252.0000,-590.0000,11191.0000,0.4669,0.3892,0.5040,-0.6136,93.9100,-66.7200,-80.5400,-10.8200,-2.1700,16.1000,0.0000,0.0000,-0.0000,1812.0000,1058.0000,1500.0000,1750.0000
268888.1150,2.0000,1735.0000,1000.0000,1631.0000,-122.0000,-137.0000,51.0000,881.0000,-432.0000,10814.0000,0.4875,0.3729,0.5024,-0.6091,93.7100,-66.7800,-80.2500,-10.8400,-1.3400,16.1300,0.0000,0.0000,-0.0000,1812.0000,1058.0000,1500.0000,1750.0000
268904.7750,2.0000,1735.0000,1000.0000,1631.0000,-91.0000,-134.0000,43.0000,568.0000,-202.0000,10289.0000,0.5061,0.3576,0.4989,-0.6059,93.7100,-66.7800,-80.2500,-10.8400,-1.3400,16.1300,0.0000,0.0000,-0.0000,1812.0000,1058.0000,1500.0000,1750.0000
268921.3550,2.0000,1735.0000,1000.0000,1631.0000,-45.0000,-127.0000,33.0000,655.0000,-140.0000,10554.0000,0.5214,0.3443,0.4923,-0.6060,93.5300,-66.8100,-79.9700,-10.7700,-0.6800,16.0900,0.0000,0.0000,-0.0000,1812.0000,1058.0000,1500.0000,1750.0000
268937.9130,2.0000,1735.0000,1000.0000,1631.0000,-7.0000,-127.0000,18.0000,596.0000,-6.0000,10467.0000,0.5325,0.3342,0.4833,-0.6093,93.2900,-66.8300,-79.6800,-10.8400,0.2500,16.0100,0.0000,0.0000,-0.0000,1812.0000,1058.0000,1500.0000,1750.0000
268954.5510,2.0000,1735.0000,1000.0000,1631.0000,15.0000,-132.0000,2.0000,532.0000,1.0000,10310.0000,0.5410,0.3246,0.4718,-0.6159,93.0500,-66.8300,-79.4000,-10.8800,1.0800,15.8900,0.0000,0.0000,-0.0000,1812.0000,1058.0000,1500.0000,1750.0000
268971.2010,2.0000,1460.0000,1583.0000,2000.0000,35.0000,-137.0000,-8.0000,479.0000,-185.0000,10436.0000,0.5476,0.3149,0.4584,-0.6252,92.8300,-66.8200,-79.1200,-10.9000,1.7900,15.7200,0.0000,0.0000,-0.0000,1008.0000,1091.0000,1500.0000,1489.0000
268987.9800,2.0000,1460.0000,1583.0000,2000.0000,27.0000,-134.0000,-18.0000,664.0000,-172.0000,10812.0000,0.5526,0.3050,0.4446,-0.6355,92.6300,-66.7900,-78.8500,-10.9200,2.4100,15.4900,0.0000,0.0000,-0.0000,1008.0000,1091.0000,1500.0000,1489.0000
269004.7840,2.0000,1460.0000,1583.0000,2000.0000,3.0000,-133.0000,-18.0000,496.0000,-150.0000,10827.0000,0.5577,0.2932,0.4325,-0.6450,92.6300,-66.7900,-78.8500,-10.9200,2.4100,15.4900,0.0000,0.0000,-0.0000,1008.0000,1091.0000,1500.0000,1489.0000
269021.5400,2.0000,1460.0000,1583.0000,2000.0000,-46.0000,-122.0000,-10.0000,204.0000,-407.0000,10877.0000,0.5642,0.2793,0.4244,-0.6508,92.4400,-66.7600,-78.5900,-10.9200,2.9500,15.2200,0.0000,0.0000,-0.0000,1008.0000,1091.0000,1500.0000,1489.0000
269038.2470,2.0000,1460.0000,1583.0000,2000.0000,-99.0000,-108.0000,2.0000,209.0000,-537.0000,11262.0000,0.5730,0.2626,0.4219,-0.6517,92.2600,-66.7200,-78.3400,-10.9100,3.4000,14.8700,0.0000,0.0000,-0.0000,1008.0000,1091.0000,1500.0000,1489.0000
269055.3230,2.0000,1996.0000,1549.0000,2000.0000,-142.0000,-81.0000,12.0000,256.0000,-390.0000,11375.0000,0.5834,0.2440,0.4246,-0.6480,92.0900,-66.6700,-78.1000,-10.8700,3.7900,14.4800,0.0000,0.0000,-0.0000,1026.0000,1074.0000,1500.0000,1998.0000
269071.9600,2.0000,1997.0000,1548.0000,2000.0000,-179.0000,-60.0000,22.0000,-54.0000,-457.0000,10648.0000,0.5939,0.2252,0.4328,-0.6398,91.9300,-66.6100,-77.8600,-10.7700,4.1100,14.0600,0.0000,0.0000,-0.0000,1026.0000,1074.0000,1500.0000,1998.0000
269088.6440,2.0000,1997.0000,1548.0000,2000.0000,-208.0000,-38.0000,30.0000,142.0000,-463.0000,9990.0000,0.6045,0.2060,0.4454,-0.6276,91.7900,-66.5600,-77.6500,-10.6300,4.3000,13.6700,0.0000,0.0000,-0.0000,1026.0000,1074.0000,1500.0000,1998.0000
269105.3820,2.0000,1997.0000,1548.0000,2000.0000,-224.0000,-36.0000,38.0000,101.0000,-389.0000,8361.0000,0.6151,0.1863,0.4605,-0.6123,91.7900,-66.5600,-77.6500,-10.6300,4.3000,13.6700,0.0000,0.0000,-0.0000,1026.0000,1074.0000,1500.0000,1998.0000
269122.1750,2.0000,1997.0000,1548.0000,2000.0000,-233.0000,-28.0000,48.0000,689.0000,-433.0000,7802.0000,0.6261,0.1665,0.4767,-0.5942,91.6600,-66.5100,-77.4400,-10.4700,4.3500,13.3900,0.0000,0.0000,-0.0000,1026.0000,1074.0000,1500.0000,1998.0000
269139.0200,2.0000,1997.0000,1548.0000,2000.0000,-241.0000,-25.0000,52.0000,570.0000,-395.0000,6993.0000,0.6368,0.1466,0.4934,-0.5740,91.5400,-66.4600,-77.2400,-10.3200,4.3200,13.2200,0.0000,0.0000,-0.0000,1026.0000,1074.0000,1500.0000,1998.0000
269156.0970,2.0000,1996.0000,1000.0000,1434.0000,-249.0000,-31.0000,56.0000,308.0000,-222.0000,6125.0000,0.6479,0.1253,0.5101,-0.5517,91.4300,-66.4100,-77.0300,-10.1500,4.2200,13.1400,0.0000,0.0000,-0.0000,1999.0000,1068.0000,1500.0000,1997.0000
269172.8460,2.0000,1996.0000,1000.0000,1434.0000,-259.0000,-46.0000,58.0000,289.0000,-329.0000,6058.0000,0.6591,0.1029,0.5255,-0.5281,91.3400,-66.3700,-76.8300,-9.9800,4.0300,13.1100,0.0000,0.0000,-0.0000,1999.0000,1068.0000,1500.0000,1997.0000
269189.6010,2.0000,1996.0000,1000.0000,1434.0000,-254.0000,-56.0000,57.0000,218.0000,-278.0000,5792.0000,0.6705,0.0789,0.5390,-0.5036,91.2500,-66.3400,-76.6200,-9.7900,3.8400,13.1000,0.0000,0.0000,-0.0000,1999.0000,1068.0000,1500.0000,1997.0000
269206.2350,2.0000,1996.0000,1000.0000,1434.0000,-214.0000,-74.0000,48.0000,187.0000,-36.0000,5196.0000,0.6811,0.0560,0.5490,-0.4812,91.2500,-66.3400,-76.6200,-9.7900,3.8400,13.1000,0.0000,0.0000,-0.0000,1999.0000,1068.0000,1500.0000,1997.0000
269222.7550,2.0000,1996.0000,1000.0000,1434.0000,-136.0000,-97.0000,30.0000,176.0000,157.0000,5296.0000,0.6913,0.0366,0.5522,-0.4646,91.1700,-66.3100,-76.4200,-9.6100,3.5900,13.1200,0.0000,0.0000,-0.0000,1999.0000,1068.0000,1500.0000,1997.0000
269239.7710,2.0000,1996.0000,1000.0000,1434.0000,-36.0000,-111.0000,3.0000,267.0000,162.0000,6161.0000,0.7010,0.0224,0.5471,-0.4569,91.1000,-66.2900,-76.2100,-9.4100,3.3300,13.1600,0.0000,0.0000,-0.0000,1999.0000,1068.0000,1500.0000,1997.0000
269256.8720,2.0000,1998.0000,1413.0000,2000.0000,57.0000,-120.0000,-26.0000,401.0000,-31.0000,7504.0000,0.7092,0.0153,0.5340,-0.4601,91.0400,-66.2800,-76.0000,-9.1500,3.1500,13.1500,0.0000,0.0000,-0.0000,1148.0000,1062.0000,1500.0000,1999.0000
269273.6470,2.0000,1998.0000,1414.0000,2000.0000,120.0000,-117.0000,-46.0000,565.0000,-253.0000,8533.0000,0.7153,0.0143,0.5156,-0.4715,90.9800,-66.2600,-75.8000,-8.8300,3.0900,13.0700,0.0000,0.0000,-0.0000,1148.0000,1062.0000,1500.0000,1999.0000
269290.8100,2.0000,1998.0000,1414.0000,2000.0000,151.0000,-109.0000,-57.0000,596.0000,-331.0000,8743.0000,0.7195,0.0174,0.4935,-0.4883,90.9300,-66.2500,-75.6000,-8.5100,3.0900,12.9100,0.0000,0.0000,-0.0000,1148.0000,1062.0000,1500.0000,1999.0000
269307.5260,2.0000,1998.0000,1414.0000,2000.0000,112.0000,-113.0000,-55.0000,356.0000,-231.0000,8376.0000,0.7225,0.0199,0.4721,-0.5047,90.9300,-66.2500,-75.6000,-8.5100,3.0900,12.9100,0.0000,0.0000,-0.0000,1148.0000,1062.0000,1500.0000,1999.0000
269324.5830,2.0000,1998.0000,1414.0000,2000.0000,33.0000,-121.0000,-41.0000,539.0000,-418.0000,8772.0000,0.7265,0.0161,0.4539,-0.5156,90.8900,-66.2400,-75.4000,-8.2700,3.0900,12.7000,0.0000,0.0000,-0.0000,1148.0000,1062.0000,1500.0000,1999.0000
269341.2560,2.0000,1998.0000,1414.0000,2000.0000,-35.0000,-133.0000,-20.0000,418.0000,-716.0000,8895.0000,0.7326,0.0041,0.4404,-0.5190,90.8500,-66.2300,-75.2000,-8.0500,3.1000,12.4500,0.0000,0.0000,-0.0000,1148.0000,1062.0000,1500.0000,1999.0000
269357.7400,2.0000,1998.0000,1414.0000,2000.0000,-82.0000,-153.0000,0.0000,337.0000,-961.0000,9287.0000,0.7404,-0.0133,0.4300,-0.5164,90.8100,-66.2100,-75.0200,-7.8700,3.1100,12.1200,0.0000,0.0000,-0.0000,1148.0000,1062.0000,1500.0000,1999.0000
269374.4120,2.0000,1998.0000,1488.0000,2000.0000,-110.0000,-163.0000,20.0000,315.0000,-922.0000,9901.0000,0.7504,-0.0348,0.4203,-0.5089,90.7800,-66.2000,-74.8400,-7.6800,3.1100,11.7400,0.0000,0.0000,-0.0000,1066.0000,1069.0000,1500.0000,1999.0000
269391.0230,2.0000,1998.0000,1503.0000,2000.0000,-125.0000,-164.0000,37.0000,643.0000,-972.0000,11098.0000,0.7614,-0.0579,0.4111,-0.4979,90.7800,-66.2000,-74.8400,-7.6800,3.1100,11.7400,0.0000,0.0000,-0.0000,1066.0000,1069.0000,1500.0000,1999.0000
269407.9210,2.0000,1998.0000,1503.0000,2000.0000,-137.0000,-157.0000,50.0000,849.0000,-997.0000,12261.0000,0.7728,-0.0818,0.4025,-0.4839,90.7500,-66.1800,-74.6700,-7.4000,3.1100,11.2900,0.0000,0.0000,-0.0000,1066.0000,1069.0000,1500.0000,1999.0000
269424.9240,2.0000,1998.0000,1503.0000,2000.0000,-154.0000,-142.0000,62.0000,1013.0000,-959.0000,13198.0000,0.7835,-0.1054,0.3962,-0.4670,90.7200,-66.1600,-74.5000,-7.0100,3.2000,10.7600,0.0000,0.0000,-0.0000,1066.0000,1069.0000,1500.0000,1999.0000
269441.8060,2.0000,1998.0000,1503.0000,2000.0000,-168.0000,-125.0000,71.0000,1043.0000,-855.0000,13732.0000,0.7928,-0.1293,0.3926,-0.4478,90.4700,-65.8300,-74.2300,-6.1000,5.2700,10.2200,0.0000,0.0000,-0.0000,1066.0000,1069.0000,1500.0000,1999.0000
269458.7110,2.0000,1998.0000,1503.0000,2000.0000,-184.0000,-105.0000,76.0000,1000.0000,-636.0000,13551.0000,0.8003,-0.1529,0.3923,-0.4269,90.2700,-65.5000,-73.9700,-5.1800,6.9400,9.6400,0.0000,0.0000,-0.0000,1066.0000,1069.0000,1500.0000,1999.0000
269475.2800,2.0000,1996.0000,1061.0000,1939.0000,-192.0000,-81.0000,78.0000,871.0000,-387.0000,12648.0000,0.8055,-0.1758,0.3948,-0.4054,90.0900,-65.1600,-73.7200,-4.3000,8.3200,9.0900,0.0000,0.0000,-0.0000,1506.0000,1060.0000,1500.0000,1997.0000
269492.0280,2.0000,1996.0000,1056.0000,1936.0000,-207.0000,-75.0000,77.0000,539.0000,-177.0000,11395.0000,0.8087,-0.1989,0.3996,-0.3832,90.0900,-65.1600,-73.7200,-4.3000,8.3200,9.0900,0.0000,0.0000,-0.0000,1506.0000,1060.0000,1500.0000,1997.0000
269508.9360,2.0000,1996.0000,1056.0000,1936.0000,-207.0000,-79.0000,74.0000,395.0000,-215.0000,10665.0000,0.8106,-0.2234,0.4045,-0.3598,89.9400,-64.8100,-73.4900,-3.5400,9.4300,8.6600,0.0000,0.0000,-0.0000,1506.0000,1060.0000,1500.0000,1997.0000
269525.8120,2.0000,1996.0000,1056.0000,1936.0000,-178.0000,-97.0000,66.0000,457.0000,-253.0000,9867.0000,0.8124,-0.2467,0.4069,-0.3371,89.8000,-64.4300,-73.2600,-2.9000,10.4400,8.3000,0.0000,0.0000,-0.0000,1506.0000,1060.0000,1500.0000,1997.0000
269542.7840,2.0000,1996.0000,1056.0000,1936.0000,-138.0000,-128.0000,48.0000,334.0000,-124.0000,9278.0000,0.8157,-0.2677,0.4033,-0.3168,89.6700,-63.9700,-73.0300,-2.1500,11.5400,8.0500,0.0000,0.0000,-0.0000,1506.0000,1060.0000,1500.0000,1997.0000
269559.7440,2.0000,1996.0000,1056.0000,1936.0000,-99.0000,-159.0000,28.0000,248.0000,94.0000,9615.0000,0.8208,-0.2858,0.3932,-0.2999,89.5600,-63.5000,-72.8100,-1.5100,12.4400,7.8500,0.0000,0.0000,-0.0000,1506.0000,1060.0000,1500.0000,1997.0000
269576.7590,2.0000,1997.0000,1509.0000,2000.0000,-70.0000,-178.0000,8.0000,553.0000,-148.0000,11180.0000,0.8276,-0.3024,0.3766,-0.2860,89.4700,-63.0500,-72.5900,-0.8700,13.1500,7.6300,0.0000,0.0000,-0.0000,1060.0000,1070.0000,1500.0000,1999.0000
269593.8230,2.0000,1998.0000,1510.0000,2000.0000,-53.0000,-192.0000,-3.0000,707.0000,-187.0000,12221.0000,0.8348,-0.3173,0.3565,-0.2744,89.3900,-62.6000,-72.3700,-0.1800,13.7100,7.3200,0.0000,0.0000,-0.0000,1060.0000,1070.0000,1500.0000,1999.0000
269610.5730,2.0000,1998.0000,1510.0000,2000.0000,-54.0000,-184.0000,-7.0000,964.0000,-287.0000,13387.0000,0.8414,-0.3315,0.3353,-0.2641,89.3900,-62.6000,-72.3700,-0.1800,13.7100,7.3200,0.0000,0.0000,-0.0000,1060.0000,1070.0000,1500.0000,1999.0000
269627.4370,2.0000,1998.0000,1510.0000,2000.0000,-79.0000,-162.0000,-5.0000,1232.0000,-448.0000,14665.0000,0.8460,-0.3465,0.3162,-0.2536,89.3400,-62.1700,-72.1700,0.5100,14.1000,6.9400,0.0000,0.0000,-0.0000,1060.0000,1070.0000,1500.0000,1999.0000
269644.5170,2.0000,1998.0000,1510.0000,2000.0000,-110.0000,-138.0000,2.0000,1340.0000,-660.0000,15354.0000,0.8477,-0.3641,0.3006,-0.2419,89.3100,-61.6500,-71.9700,1.6700,14.4800,6.4500,0.0000,0.0000,-0.0000,1060.0000,1070.0000,1500.0000,1999.0000
269661.2910,2.0000,1998.0000,1510.0000,2000.0000,-139.0000,-111.0000,11.0000,1282.0000,-749.0000,15081.0000,0.8463,-0.3835,0.2901,-0.2293,89.3200,-61.1800,-71.7800,2.7300,14.6400,5.9100,0.0000,0.0000,-0.0000,1060.0000,1070.0000,1500.0000,1999.0000
269678.3020,2.0000,1998.0000,1510.0000,2000.0000,-163.0000,-81.0000,22.0000,997.0000,-716.0000,13964.0000,0.8420,-0.4048,0.2841,-0.2155,89.3400,-60.7400,-71.6100,3.6700,14.6500,5.4000,0.0000,0.0000,-0.0000,1060.0000,1070.0000,1500.0000,1999.0000
269695.0590,2.0000,1998.0000,1510.0000,2000.0000,-175.0000,-60.0000,32.0000,709.0000,-536.0000,12375.0000,0.8352,-0.4266,0.2827,-0.2014,89.3800,-60.3100,-71.4500,4.4000,14.6400,5.0100,0.0000,0.0000,-0.0000,1060.0000,1070.0000,1500.0000,1999.0000
269712.1190,2.0000,1998.0000,1510.0000,2000.0000,-191.0000,-51.0000,41.0000,524.0000,-337.0000,10354.0000,0.8266,-0.4493,0.2835,-0.1858,89.3800,-60.3100,-71.4500,4.4000,14.6400,5.0100,0.0000,0.0000,-0.0000,1060.0000,1070.0000,1500.0000,1999.0000
269728.7750,2.0000,1998.0000,1510.0000,2000.0000,-204.0000,-57.0000,49.0000,412.0000,-361.0000,9313.0000,0.8166,-0.4724,0.2855,-0.1688,89.4300,-59.8800,-71.2900,4.9300,14.7100,4.7800,0.0000,0.0000,-0.0000,1060.0000,1070.0000,1500.0000,1999.0000
269745.7320,2.0000,1998.0000,1510.0000,2000.0000,-214.0000,-57.0000,55.0000,339.0000,-464.0000,8709.0000,0.8052,-0.4966,0.2873,-0.1498,89.5200,-59.3800,-71.1300,5.6300,14.8200,4.6700,0.0000,0.0000,-0.0000,1060.0000,1070.0000,1500.0000,1999.0000
269762.5960,2.0000,1998.0000,1510.0000,2000.0000,-222.0000,-67.0000,62.0000,596.0000,-511.0000,8347.0000,0.7927,-0.5210,0.2890,-0.1292,89.6100,-58.8800,-70.9600,6.2200,14.9500,4.6300,0.0000,0.0000,-0.0000,1060.0000,1070.0000,1500.0000,1999.0000
269779.1570,2.0000,1998.0000,1510.0000,2000.0000,-230.0000,-81.0000,64.0000,464.0000,-397.0000,8034.0000,0.7795,-0.5453,0.2893,-0.1070,89.7000,-58.4100,-70.8000,6.7100,15.0500,4.6600,0.0000,0.0000,-0.0000,1060.0000,1070.0000,1500.0000,1999.0000
269796.0310,2.0000,1998.0000,1100.0000,1980.0000,-236.0000,-91.0000,64.0000,476.0000,-300.0000,8140.0000,0.7648,-0.5702,0.2882,-0.0830,89.8000,-57.9600,-70.6300,7.1100,15.1000,4.7600,0.0000,0.0000,-0.0000,1459.0000,1060.0000,1500.0000,1999.0000
269812.6870,2.0000,1998.0000,1100.0000,1980.0000,-240.0000,-89.0000,63.0000,448.0000,-262.0000,8302.0000,0.7490,-0.5945,0.2865,-0.0587,89.8000,-57.9600,-70.6300,7.1100,15.1000,4.7600,0.0000,0.0000,-0.0000,1459.0000,1060.0000,1500.0000,1999.0000
269829.8970,2.0000,1998.0000,1100.0000,1980.0000,-233.0000,-104.0000,60.0000,287.0000,-82.0000,8005.0000,0.7318,-0.6190,0.2831,-0.0329,89.9100,-57.5000,-70.4600,7.5100,15.0600,4.9300,0.0000,0.0000,-0.0000,1459.0000,1060.0000,1500.0000,1999.0000
269846.8950,2.0000,1998.0000,1100.0000,1980.0000,-203.0000,-131.0000,52.0000,77.0000,-189.0000,8037.0000,0.7163,-0.6406,0.2766,-0.0068,90.0700,-57.0000,-70.2800,8.1800,14.8400,5.1500,0.0000,0.0000,-0.0000,1459.0000,1060.0000,1500.0000,1999.0000
269863.7720,2.0000,1998.0000,1100.0000,1980.0000,-153.0000,-160.0000,37.0000,-66.0000,97.0000,7662.0000,0.7050,-0.6572,0.2659,0.0186,90.2200,-56.5300,-70.0900,8.7100,14.6000,5.4000,0.0000,0.0000,-0.0000,1459.0000,1060.0000,1500.0000,1999.0000
269880.4290,2.0000,1998.0000,1073.0000,1953.0000,-110.0000,-190.0000,20.0000,13.0000,124.0000,8711.0000,0.6990,-0.6685,0.2503,0.0430,90.3900,-56.0800,-69.9000,9.1200,14.3500,5.6800,0.0000,0.0000,-0.0000,1486.0000,1060.0000,1500.0000,1999.0000
269897.3820,2.0000,1998.0000,1073.0000,1953.0000,-81.0000,-201.0000,9.0000,458.0000,-197.0000,10838.0000,0.6964,-0.6761,0.2309,0.0671,90.5600,-55.6400,-69.7100,9.5400,13.9200,5.9600,0.0000,0.0000,-0.0000,1486.0000,1060.0000,1500.0000,1999.0000
269914.3070,2.0000,1998.0000,1073.0000,1953.0000,-63.0000,-203.0000,2.0000,992.0000,-578.0000,12902.0000,0.6958,-0.6808,0.2102,0.0900,90.5600,-55.6400,-69.7100,9.5400,13.9200,5.9600,0.0000,0.0000,-0.0000,1486.0000,1060.0000,1500.0000,1999.0000
269931.3830,2.0000,1998.0000,1073.0000,1953.0000,-52.0000,-196.0000,-1.0000,1112.0000,-551.0000,13714.0000,0.6959,-0.6837,0.1892,0.1115,90.7900,-55.1700,-69.4900,10.2100,13.0500,6.2400,0.0000,0.0000,-0.0000,1486.0000,1060.0000,1500.0000,1999.0000
269948.6420,2.0000,1998.0000,1073.0000,1953.0000,-45.0000,-186.0000,-2.0000,1051.0000,-662.0000,14437.0000,0.6963,-0.6852,0.1686,0.1318,91.0100,-54.7500,-69.2700,10.7400,12.1000,6.5100,0.0000,0.0000,-0.0000,1486.0000,1060.0000,1500.0000,1999.0000
269965.3830,2.0000,1998.0000,1073.0000,1953.0000,-39.0000,-182.0000,-1.0000,1137.0000,-766.0000,14644.0000,0.6965,-0.6855,0.1492,0.1507,91.2400,-54.3700,-69.0600,11.1200,11.1000,6.7600,0.0000,0.0000,-0.0000,1486.0000,1060.0000,1500.0000,1999.0000
269982.4190,2.0000,1998.0000,1088.0000,1968.0000,-35.0000,-173.0000,1.0000,1159.0000,-772.0000,14599.0000,0.6965,-0.6851,0.1305,0.1690,91.4600,-54.0500,-68.8500,11.3800,10.1200,6.9700,0.0000,0.0000,-0.0000,1470.0000,1060.0000,1500.0000,1999.0000
269999.1940,2.0000,1998.0000,1089.0000,1969.0000,-31.0000,-159.0000,2.0000,1121.0000,-762.0000,14198.0000,0.6962,-0.6841,0.1135,0.1856,91.6800,-53.7600,-68.6400,11.5200,9.1600,7.1600,0.0000,0.0000,-0.0000,1470.0000,1060.0000,1500.0000,1999.0000
270016.2130,2.0000,1998.0000,1089.0000,1969.0000,-24.0000,-152.0000,6.0000,1126.0000,-753.0000,13690.0000,0.6959,-0.6823,0.0975,0.2017,91.6800,-53.7600,-68.6400,11.5200,9.1600,7.1600,0.0000,0.0000,-0.0000,1470.0000,1060.0000,1500.0000,1999.0000
270032.9820,2.0000,1998.0000,1089.0000,1969.0000,-25.0000,-153.0000,9.0000,1000.0000,-804.0000,13224.0000,0.6952,-0.6802,0.0827,0.2173,91.9400,-53.4600,-68.4200,11.5900,8.1000,7.3100,0.0000,0.0000,-0.0000,1470.0000,1060.0000,1500.0000,1999.0000
270050.1090,2.0000,1998.0000,1089.0000,1969.0000,-29.0000,-154.0000,13.0000,998.0000,-820.0000,13077.0000,0.6940,-0.6777,0.0675,0.2337,92.2000,-53.2000,-68.2100,11.5700,7.1500,7.4300,0.0000,0.0000,-0.0000,1470.0000,1060.0000,1500.0000,1999.0000
270067.0920,2.0000,1998.0000,1089.0000,1969.0000,-32.0000,-149.0000,18.0000,955.0000,-702.0000,12594.0000,0.6919,-0.6753,0.0533,0.2499,92.4400,-52.9700,-67.9900,11.4900,6.3000,7.5400,0.0000,0.0000,-0.0000,1470.0000,1060.0000,1500.0000,1999.0000
270083.6830,2.0000,1998.0000,1078.0000,1958.0000,-33.0000,-149.0000,22.0000,896.0000,-689.0000,12332.0000,0.6891,-0.6728,0.0397,0.2661,92.6700,-52.7600,-67.7800,11.3400,5.5400,7.6500,0.0000,0.0000,-0.0000,1485.0000,1060.0000,1500.0000,1999.0000
270100.6610,2.0000,1998.0000,1074.0000,1954.0000,-33.0000,-154.0000,25.0000,859.0000,-718.0000,12287.0000,0.6858,-0.6700,0.0258,0.2832,92.9000,-52.5700,-67.5600,11.1200,4.7800,7.7500,0.0000,0.0000,-0.0000,1485.0000,1060.0000,1500.0000,1999.0000
270117.6950,2.0000,1998.0000,1074.0000,1954.0000,-31.0000,-160.0000,27.0000,936.0000,-737.0000,12459.0000,0.6821,-0.6663,0.0114,0.3010,92.9000,-52.5700,-67.5600,11.1200,4.7800,7.7500,0.0000,0.0000,-0.0000,1485.0000,1060.0000,1500.0000,1999.0000
270134.4850,2.0000,1998.0000,1074.0000,1954.0000,-28.0000,-161.0000,28.0000,757.0000,-468.0000,12014.0000,0.6784,-0.6620,-0.0025,0.3186,93.1500,-52.3900,-67.3400,10.8000,3.8100,7.8200,0.0000,0.0000,-0.0000,1485.0000,1060.0000,1500.0000,1999.0000
270151.3810,2.0000,1998.0000,1074.0000,1954.0000,-28.0000,-165.0000,30.0000,1007.0000,-628.0000,12578.0000,0.6743,-0.6569,-0.0169,0.3369,93.3800,-52.2400,-67.1300,10.4400,2.9600,7.9000,0.0000,0.0000,-0.0000,1485.0000,1060.0000,1500.0000,1999.0000
270168.0520,2.0000,1998.0000,1074.0000,1954.0000,-27.0000,-169.0000,30.0000,1301.0000,-867.0000,13521.0000,0.6699,-0.6514,-0.0312,0.3549,93.6000,-52.1000,-66.9100,10.0300,2.1200,7.9500,0.0000,0.0000,-0.0000,1485.0000,1060.0000,1500.0000,1999.0000
270184.7590,2.0000,1998.0000,1074.0000,1954.0000,-27.0000,-158.0000,29.0000,1212.0000,-718.0000,13541.0000,0.6653,-0.6454,-0.0452,0.3725,93.8000,-51.9900,-66.6900,9.5700,1.2800,7.9600,0.0000,0.0000,-0.0000,1485.0000,1060.0000,1500.0000,1999.0000
270201.5250,2.0000,1998.0000,1073.0000,1953.0000,-26.0000,-158.0000,26.0000,1099.0000,-488.0000,13115.0000,0.6604,-0.6394,-0.0590,0.3893,93.9900,-51.9000,-66.4700,9.0200,0.4400,7.9700,0.0000,0.0000,-0.0000,1486.0000,1060.0000,1500.0000,1999.0000
270218.4000,2.0000,1998.0000,1073.0000,1953.0000,-30.0000,-155.0000,25.0000,916.0000,-424.0000,12683.0000,0.6550,-0.6333,-0.0729,0.4057,93.9900,-51.9000,-66.4700,9.0200,0.4400,7.9700,0.0000,0.0000,-0.0000,1486.0000,1060.0000,1500.0000,1999.0000
270235.1010,2.0000,1998.0000,1073.0000,1953.0000,-33.0000,-152.0000,26.0000,1062.0000,-537.0000,12885.0000,0.6492,-0.6275,-0.0864,0.4212,94.1900,-51.8300,-66.2500,8.3500,-0.5200,7.9600,0.0000,0.0000,-0.0000,1486.0000,1060.0000,1500.0000,1999.0000
270252.3620,2.0000,1998.0000,1073.0000,1953.0000,-35.0000,-153.0000,25.0000,1191.0000,-716.0000,13081.0000,0.6424,-0.6214,-0.1007,0.4370,94.3700,-51.7800,-66.0300,7.6800,-1.3900,7.9500,0.0000,0.0000,-0.0000,1486.0000,1060.0000,1500.0000,1999.0000
270269.2770,2.0000,1998.0000,1073.0000,1953.0000,-36.0000,-152.0000,24.0000,1162.0000,-656.0000,12966.0000,0.6354,-0.6152,-0.1149,0.4523,94.5300,-51.7400,-65.8200,7.0100,-2.1700,7.9100,0.0000,0.0000,-0.0000,1486.0000,1060.0000,1500.0000,1999.0000
270286.0190,2.0000,1998.0000,1073.0000,1953.0000,-35.0000,-146.0000,23.0000,1236.0000,-648.0000,12905.0000,0.6286,-0.6090,-0.1281,0.4665,94.6700,-51.7300,-65.6000,6.3400,-2.8500,7.8500,0.0000,0.0000,-0.0000,1486.0000,1060.0000,1500.0000,1999.0000
270302.6160,2.0000,1997.0000,1740.0000,1070.0000,-34.0000,-145.0000,23.0000,1143.0000,-501.0000,12627.0000,0.6214,-0.6026,-0.1415,0.4804,94.6700,-51.7300,-65.6000,6.3400,-2.8500,7.8500,0.0000,0.0000,-0.0000,1598.0000,1841.0000,1500.0000,1998.0000
270319.4770,2.0000,1997.0000,1744.0000,1064.0000,-35.0000,-140.0000,21.0000,1263.0000,-670.0000,12820.0000,0.6139,-0.5961,-0.1547,0.4938,94.8000,-51.7300,-65.3900,5.6000,-3.5900,7.7900,0.0000,0.0000,-0.0000,1598.0000,1841.0000,1500.0000,1998.0000
270336.1890,2.0000,1997.0000,1744.0000,1064.0000,-33.0000,-133.0000,20.0000,1249.0000,-659.0000,12994.0000,0.6064,-0.5897,-0.1673,0.5064,94.9300,-51.7700,-65.1700,4.7300,-4.5400,7.7200,0.0000,0.0000,-0.0000,1598.0000,1841.0000,1500.0000,1998.0000
270353.5280,2.0000,1997.0000,1744.0000,1064.0000,-31.0000,-107.0000,19.0000,1299.0000,-570.0000,12900.0000,0.5991,-0.5839,-0.1787,0.5178,95.0400,-51.8100,-64.9500,3.8900,-5.3700,7.6200,0.0000,0.0000,-0.0000,1598.0000,1841.0000,1500.0000,1998.0000
270370.1870,2.0000,1997.0000,1744.0000,1064.0000,-31.0000,-73.0000,20.0000,1370.0000,-524.0000,12986.0000,0.5929,-0.5803,-0.1870,0.5261,95.1300,-51.8800,-64.7400,3.0700,-6.1000,7.5200,0.0000,0.0000,-0.0000,1598.0000,1841.0000,1500.0000,1998.0000
270387.2760,2.0000,1997.0000,1744.0000,1064.0000,-23.0000,2.0000,21.0000,1176.0000,-634.0000,13148.0000,0.5881,-0.5806,-0.1904,0.5300,95.1900,-51.9500,-64.5400,2.3100,-6.7300,7.4200,0.0000,0.0000,-0.0000,1598.0000,1841.0000,1500.0000,1998.0000
270403.9940,2.0000,1997.0000,1744.0000,1064.0000,21.0000,89.0000,25.0000,865.0000,-697.0000,12396.0000,0.5875,-0.5854,-0.1844,0.5274,95.1900,-51.9500,-64.5400,2.3100,-6.7300,7.4200,0.0000,0.0000,-0.0000,1598.0000,1841.0000,1500.0000,1998.0000
270420.8570,2.0000,1997.0000,1356.0000,1000.0000,84.0000,203.0000,32.0000,436.0000,-595.0000,9270.0000,0.5935,-0.5926,-0.1655,0.5189,95.2500,-52.0400,-64.3400,1.4800,-7.4500,7.3000,0.0000,0.0000,-0.0000,1999.0000,1855.0000,1500.0000,1998.0000
270437.5490,2.0000,1997.0000,1356.0000,1000.0000,148.0000,302.0000,40.0000,208.0000,-473.0000,3869.0000,0.6065,-0.6019,-0.1315,0.5026,95.2900,-52.1800,-64.1300,0.7200,-8.2800,7.2300,0.0000,0.0000,-0.0000,1999.0000,1855.0000,1500.0000,1998.0000
270454.5660,2.0000,1997.0000,1356.0000,1000.0000,205.0000,371.0000,46.0000,447.0000,-102.0000,-3218.0000,0.6242,-0.6111,-0.0844,0.4793,95.3300,-52.3200,-63.9100,0.5000,-8.8200,7.2800,0.0000,0.0000,-0.0000,1999.0000,1855.0000,1500.0000,1998.0000
270471.2320,2.0000,1997.0000,1356.0000,1000.0000,269.0000,363.0000,43.0000,719.0000,345.0000,-11616.0000,0.6452,-0.6152,-0.0297,0.4521,95.3800,-52.4400,-63.7000,0.8700,-8.8100,7.3900,0.0000,0.0000,-0.0000,1999.0000,1855.0000,1500.0000,1998.0000
270487.8120,2.0000,1997.0000,1356.0000,1000.0000,325.0000,265.0000,30.0000,-73.0000,245.0000,-17373.0000,0.6691,-0.6071,0.0223,0.4280,95.4300,-52.5600,-63.5200,1.6300,-8.0600,7.6300,0.0000,0.0000,-0.0000,1999.0000,1855.0000,1500.0000,1998.0000
270504.4310,2.0000,1997.0000,1356.0000,1000.0000,363.0000,154.0000,24.0000,-369.0000,224.0000,-16939.0000,0.6956,-0.5855,0.0652,0.4113,95.4300,-52.5600,-63.5200,1.6300,-8.0600,7.6300,0.0000,0.0000,-0.0000,1999.0000,1855.0000,1500.0000,1998.0000
270521.1930,2.0000,2000.0000,2000.0000,1557.0000,382.0000,60.0000,19.0000,166.0000,103.0000,-13139.0000,0.7236,-0.5524,0.0988,0.4019,95.4900,-52.6800,-63.3800,2.0200,-7.1700,7.5500,0.0000,0.0000,-0.0000,1171.0000,1773.0000,1500.0000,2000.0000
270538.0320,2.0000,2000.0000,2000.0000,1557.0000,388.0000,-16.0000,20.0000,-144.0000,-260.0000,-9756.0000,0.7517,-0.5110,0.1229,0.3983,95.5300,-52.8300,-63.2800,1.7400,-6.9200,7.7700,0.0000,0.0000,-0.0000,1171.0000,1773.0000,1500.0000,2000.0000
270554.9510,2.0000,2000.0000,2000.0000,1557.0000,394.0000,-46.0000,28.0000,316.0000,-336.0000,-6640.0000,0.7787,-0.4645,0.1437,0.3965,95.5700,-52.9800,-63.1800,1.3000,-7.0200,8.1000,0.0000,0.0000,-0.0000,1171.0000,1773.0000,1500.0000,2000.0000
270571.6940,2.0000,2000.0000,2000.0000,1557.0000,347.0000,-52.0000,41.0000,576.0000,-526.0000,-3915.0000,0.8013,-0.4180,0.1613,0.3965,95.5900,-53.1200,-63.0900,0.8200,-7.4400,8.4200,0.0000,0.0000,-0.0000,1171.0000,1773.0000,1500.0000,2000.0000
270588.1870,2.0000,2000.0000,2000.0000,1557.0000,239.0000,-36.0000,59.0000,861.0000,-601.0000,-1752.0000,0.8161,-0.3799,0.1754,0.3987,95.6100,-53.2600,-63.0100,0.3700,-8.0500,8.6600,0.0000,0.0000,-0.0000,1171.0000,1773.0000,1500.0000,2000.0000
270605.0890,2.0000,2000.0000,2000.0000,1562.0000,89.0000,0.0000,82.0000,613.0000,-836.0000,0.0000,0.8206,-0.3578,0.1863,0.4048,95.6100,-53.2600,-63.0100,0.3700,-8.0500,8.6600,0.0000,0.0000,-0.0000,1170.0000,1767.0000,1500.0000,2000.0000
270621.7930,2.0000,2000.0000,2000.0000,1564.0000,-58.0000,49.0000,110.0000,420.0000,-872.0000,475.0000,0.8141,-0.3558,0.1946,0.4157,95.6000,-53.4400,-62.9200,-0.0200,-8.7400,8.7900,0.0000,0.0000,-0.0000,1170.0000,1767.0000,1500.0000,2000.0000
270638.3850,2.0000,2000.0000,2000.0000,1564.0000,-160.0000,97.0000,124.0000,734.0000,-626.0000,-648.0000,0.7983,-0.3705,0.2021,0.4297,95.5700,-53.6700,-62.8100,-0.4000,-9.4000,8.9700,0.0000,0.0000,-0.0000,1170.0000,1767.0000,1500.0000,2000.0000
270655.2690,2.0000,2000.0000,2000.0000,1564.0000,-233.0000,132.0000,131.0000,650.0000,-384.0000,-2767.0000,0.7745,-0.3977,0.2094,0.4451,95.5400,-53.9000,-62.7000,-0.7400,-9.9100,9.2400,0.0000,0.0000,-0.0000,1170.0000,1767.0000,1500.0000,2000.0000
270672.2930,2.0000,2000.0000,2000.0000,1564.0000,-284.0000,146.0000,132.0000,300.0000,-137.0000,-4630.0000,0.7447,-0.4324,0.2155,0.4605,95.5100,-54.1200,-62.5900,-1.0400,-10.1600,9.5400,0.0000,0.0000,-0.0000,1170.0000,1767.0000,1500.0000,2000.0000
270688.8890,2.0000,2000.0000,2000.0000,1564.0000,-322.0000,147.0000,123.0000,234.0000,480.0000,-5461.0000,0.7108,-0.4708,0.2180,0.4750,95.4700,-54.3400,-62.4800,-1.3200,-10.1900,9.8000,0.0000,0.0000,-0.0000,1170.0000,1767.0000,1500.0000,2000.0000
270705.5370,2.0000,1998.0000,1164.0000,1000.0000,-348.0000,143.0000,105.0000,124.0000,1144.0000,-5684.0000,0.6739,-0.5109,0.2160,0.4880,95.4700,-54.3400,-62.4800,-1.3200,-10.1900,9.8000,0.0000,0.0000,-0.0000,1963.0000,1583.0000,1500.0000,1999.0000
270722.4330,2.0000,1998.0000,1119.0000,1000.0000,-361.0000,142.0000,79.0000,124.0000,1378.0000,-5175.0000,0.6344,-0.5526,0.2100,0.4981,95.4200,-54.5700,-62.3700,-1.4900,-10.1200,10.0300,0.0000,0.0000,-0.0000,1963.0000,1583.0000,1500.0000,1999.0000
270739.1570,2.0000,1998.0000,1119.0000,1000.0000,-328.0000,143.0000,44.0000,394.0000,1774.0000,-4993.0000,0.5956,-0.5930,0.2015,0.5030,95.3600,-54.8300,-62.2600,-1.5000,-10.0000,10.2300,0.0000,0.0000,-0.0000,1963.0000,1583.0000,1500.0000,1999.0000
270756.1900,2.0000,1998.0000,1119.0000,1000.0000,-237.0000,147.0000,-1.0000,196.0000,1741.0000,-4567.0000,0.5631,-0.6281,0.1935,0.5009,95.3100,-55.0800,-62.1600,-1.4900,-9.9000,10.4300,0.0000,0.0000,-0.0000,1963.0000,1583.0000,1500.0000,1999.0000
270773.4070,2.0000,1998.0000,1119.0000,1000.0000,-83.0000,171.0000,-37.0000,319.0000,1205.0000,-5393.0000,0.5442,-0.6539,0.1920,0.4892,95.2700,-55.3000,-62.0600,-1.4600,-9.8000,10.5800,0.0000,0.0000,-0.0000,1963.0000,1583.0000,1500.0000,1999.0000
270790.2470,2.0000,1998.0000,1119.0000,1000.0000,112.0000,178.0000,-71.0000,-199.0000,1030.0000,-7329.0000,0.5441,-0.6668,0.2014,0.4677,95.2300,-55.5100,-61.9700,-1.3400,-9.6000,10.6900,0.0000,0.0000,-0.0000,1963.0000,1583.0000,1500.0000,1999.0000
270806.8500,2.0000,2000.0000,2000.0000,1590.0000,279.0000,132.0000,-104.0000,-150.0000,1264.0000,-10235.0000,0.5642,-0.6638,0.2178,0.4400,95.2300,-55.5100,-61.9700,-1.3400,-9.6000,10.6900,0.0000,0.0000,-0.0000,1167.0000,1745.0000,1500.0000,2000.0000
270823.6350,2.0000,2000.0000,2000.0000,1590.0000,396.0000,56.0000,-131.0000,-224.0000,1094.0000,-12031.0000,0.6007,-0.6447,0.2344,0.4106,95.1900,-55.7300,-61.8800,-1.0700,-9.0900,10.7600,0.0000,0.0000,-0.0000,1167.0000,1745.0000,1500.0000,2000.0000
270840.1730,2.0000,2000.0000,2000.0000,1590.0000,426.0000,-32.0000,-141.0000,-270.0000,805.0000,-9852.0000,0.6457,-0.6128,0.2454,0.3840,95.1600,-55.9700,-61.7800,-0.7400,-8.3400,10.8100,0.0000,0.0000,-0.0000,1167.0000,1745.0000,1500.0000,2000.0000
270857.3450,2.0000,2000.0000,2000.0000,1590.0000,373.0000,-88.0000,-137.0000,109.0000,410.0000,-6262.0000,0.6914,-0.5741,0.2485,0.3613,95.1400,-56.1700,-61.6900,-0.5700,-7.8600,10.9800,0.0000,0.0000,-0.0000,1167.0000,1745.0000,1500.0000,2000.0000
270874.0820,2.0000,2000.0000,2000.0000,1590.0000,257.0000,-89.0000,-116.0000,437.0000,-122.0000,-2614.0000,0.7265,-0.5416,0.2444,0.3450,95.1300,-56.3600,-61.6000,-0.4600,-7.8300,11.2100,0.0000,0.0000,-0.0000,1167.0000,1745.0000,1500.0000,2000.0000
270890.6560,2.0000,2000.0000,2000.0000,1590.0000,120.0000,-62.0000,-79.0000,605.0000,-1001.0000,99.0000,0.7481,-0.5217,0.2369,0.3349,95.1300,-56.3600,-61.6000,-0.4600,-7.8300,11.2100,0.0000,0.0000,-0.0000,1167.0000,1745.0000,1500.0000,2000.0000
270907.3720,2.0000,2000.0000,2000.0000,1591.0000,-12.0000,-31.0000,-34.0000,629.0000,-1824.0000,1881.0000,0.7557,-0.5162,0.2291,0.3316,95.1100,-56.5400,-61.4900,-0.3200,-8.1400,11.6300,0.0000,0.0000,-0.0000,1165.0000,1745.0000,1500.0000,2000.0000
270924.3810,2.0000,2000.0000,2000.0000,1592.0000,-133.0000,31.0000,5.0000,483.0000,-1773.0000,2751.0000,0.7501,-0.5254,0.2235,0.3337,95.1100,-56.7400,-61.3400,0.0100,-8.4800,11.9600,0.0000,0.0000,-0.0000,1165.0000,1745.0000,1500.0000,2000.0000
270941.0880,2.0000,2000.0000,2000.0000,1592.0000,-212.0000,66.0000,36.0000,-11.0000,-1623.0000,1851.0000,0.7333,-0.5465,0.2214,0.3385,95.1300,-56.9600,-61.1500,0.4100,-8.7500,12.2900,0.0000,0.0000,-0.0000,1165.0000,1745.0000,1500.0000,2000.0000
270957.8500,2.0000,2000.0000,2000.0000,1592.0000,-268.0000,107.0000,70.0000,-203.0000,-1607.0000,-180.0000,0.7082,-0.5740,0.2221,0.3459,95.1500,-57.1700,-60.9300,0.7100,-8.9000,12.5900,0.0000,0.0000,-0.0000,1165.0000,1745.0000,1500.0000,2000.0000
270974.6410,2.0000,2000.0000,2000.0000,1592.0000,-320.0000,132.0000,90.0000,48.0000,-1408.0000,-3176.0000,0.6740,-0.6080,0.2253,0.3540,95.1700,-57.3700,-60.7000,1.0000,-8.7800,12.8900,0.0000,0.0000,-0.0000,1165.0000,1745.0000,1500.0000,2000.0000
270991.3700,2.0000,2000.0000,2000.0000,1592.0000,-352.0000,130.0000,106.0000,-612.0000,-829.0000,-5670.0000,0.6330,-0.6441,0.2287,0.3634,95.1700,-57.3700,-60.7000,1.0000,-8.7800,12.8900,0.0000,0.0000,-0.0000,1165.0000,1745.0000,1500.0000,2000.0000
271007.9070,2.0000,2000.0000,2000.0000,1592.0000,-370.0000,107.0000,118.0000,-947.0000,-513.0000,-7178.0000,0.5879,-0.6790,0.2299,0.3748,95.2000,-57.5500,-60.4500,1.2700,-8.3700,13.1100,0.0000,0.0000,-0.0000,1165.0000,1745.0000,1500.0000,2000.0000
271024.6200,2.0000,1997.0000,1334.0000,1000.0000,-391.0000,73.0000,114.0000,-236.0000,-254.0000,-7528.0000,0.5390,-0.7120,0.2270,0.3887,95.2400,-57.7400,-60.2000,1.6000,-7.6800,13.0000,0.0000,0.0000,-0.0000,1912.0000,1747.0000,1500.0000,1998.0000
271041.2890,2.0000,1997.0000,1334.0000,1000.0000,-404.0000,56.0000,105.0000,12.0000,138.0000,-6361.0000,0.4875,-0.7423,0.2191,0.4042,95.3000,-57.9100,-59.9800,2.0400,-6.9600,12.8100,0.0000,0.0000,-0.0000,1912.0000,1747.0000,1500.0000,1998.0000
271058.1050,2.0000,1997.0000,1334.0000,1000.0000,-379.0000,52.0000,89.0000,-313.0000,497.0000,-4373.0000,0.4357,-0.7693,0.2082,0.4183,95.3600,-58.0600,-59.7700,2.4100,-6.4500,12.6300,0.0000,0.0000,-0.0000,1912.0000,1747.0000,1500.0000,1998.0000
271075.1060,2.0000,1997.0000,1334.0000,1000.0000,-273.0000,72.0000,65.0000,-42.0000,619.0000,-2890.0000,0.3897,-0.7916,0.1989,0.4265,95.4300,-58.1900,-59.5800,2.6500,-6.1900,12.5700,0.0000,0.0000,-0.0000,1912.0000,1747.0000,1500.0000,1998.0000
271091.9320,2.0000,1997.0000,1334.0000,1000.0000,-112.0000,120.0000,30.0000,206.0000,1125.0000,-2732.0000,0.3599,-0.8075,0.1961,0.4241,95.4300,-58.1900,-59.5800,2.6500,-6.1900,12.5700,0.0000,0.0000,-0.0000,1912.0000,1747.0000,1500.0000,1998.0000
271108.7960,2.0000,1997.0000,1334.0000,1000.0000,75.0000,134.0000,-18.0000,-539.0000,1641.0000,-4302.0000,0.3531,-0.8166,0.2009,0.4099,95.4900,-58.3100,-59.3900,2.8300,-6.0300,12.6600,0.0000,0.0000,-0.0000,1912.0000,1747.0000,1500.0000,1998.0000
271125.4660,2.0000,1997.0000,1436.0000,1000.0000,237.0000,145.0000,-51.0000,-946.0000,1241.0000,-6710.0000,0.3697,-0.8177,0.2120,0.3870,95.5700,-58.4400,-59.1900,3.0300,-5.6900,12.6700,0.0000,0.0000,-0.0000,1447.0000,1741.0000,1500.0000,1999.0000
271142.6440,2.0000,1998.0000,1791.0000,1313.0000,352.0000,113.0000,-76.0000,-456.0000,1361.0000,-9570.0000,0.4056,-0.8097,0.2272,0.3581,95.6600,-58.5600,-58.9900,3.3200,-5.1600,12.4900,0.0000,0.0000,-0.0000,1447.0000,1741.0000,1500.0000,1999.0000
271159.3860,2.0000,1998.0000,1791.0000,1313.0000,403.0000,62.0000,-92.0000,-263.0000,1138.0000,-11023.0000,0.4509,-0.7936,0.2406,0.3300,95.7400,-58.6700,-58.8000,3.6300,-4.4300,12.2000,0.0000,0.0000,-0.0000,1447.0000,1741.0000,1500.0000,1999.0000
271176.4690,2.0000,1998.0000,1791.0000,1313.0000,406.0000,8.0000,-97.0000,-54.0000,799.0000,-9553.0000,0.5016,-0.7700,0.2505,0.3046,95.8300,-58.7500,-58.6300,3.8500,-3.7000,11.9300,0.0000,0.0000,-0.0000,1447.0000,1741.0000,1500.0000,1999.0000
271193.2710,2.0000,1998.0000,1791.0000,1313.0000,348.0000,-14.0000,-89.0000,177.0000,400.0000,-6747.0000,0.5479,-0.7441,0.2551,0.2847,95.8300,-58.7500,-58.6300,3.8500,-3.7000,11.9300,0.0000,0.0000,-0.0000,1447.0000,1741.0000,1500.0000,1999.0000
271210.1180,2.0000,1998.0000,1791.0000,1313.0000,248.0000,-14.0000,-75.0000,205.0000,-217.0000,-4483.0000,0.5835,-0.7222,0.2561,0.2690,95.9200,-58.8200,-58.4700,3.9400,-3.2700,11.8200,0.0000,0.0000,-0.0000,1447.0000,1741.0000,1500.0000,1999.0000
271226.9190,2.0000,1999.0000,2000.0000,1579.0000,155.0000,3.0000,-50.0000,132.0000,-917.0000,-3119.0000,0.6066,-0.7073,0.2562,0.2571,96.0200,-58.8900,-58.2900,4.1000,-3.0300,11.9900,0.0000,0.0000,-0.0000,1165.0000,1745.0000,1500.0000,2000.0000
271243.8040,2.0000,2000.0000,2000.0000,1592.0000,91.0000,32.0000,-10.0000,-337.0000,-1721.0000,-2537.0000,0.6193,-0.6984,0.2587,0.2486,96.1300,-58.9600,-58.1000,4.3200,-2.9400,12.1400,0.0000,0.0000,-0.0000,1165.0000,1745.0000,1500.0000,2000.0000
271260.8160,2.0000,2000.0000,2000.0000,1592.0000,43.0000,62.0000,28.0000,-60.0000,-1589.0000,-3038.0000,0.6238,-0.6937,0.2658,0.2429,96.2400,-59.0300,-57.9000,4.5000,-2.9200,12.2200,0.0000,0.0000,-0.0000,1165.0000,1745.0000,1500.0000,2000.0000
271277.6480,2.0000,2000.0000,2000.0000,1592.0000,-22.0000,99.0000,57.0000,835.0000,-1024.0000,-3856.0000,0.6203,-0.6938,0.2774,0.2388,96.3400,-59.0900,-57.6900,4.6700,-2.8300,12.4300,0.0000,0.0000,-0.0000,1165.0000,1745.0000,1500.0000,2000.0000
271294.1340,2.0000,2000.0000,2000.0000,1592.0000,-124.0000,113.0000,85.0000,892.0000,-854.0000,-5286.0000,0.6058,-0.7012,0.2908,0.2381,96.3400,-59.0900,-57.6900,4.6700,-2.8300,12.4300,0.0000,0.0000,-0.0000,1165.0000,1745.0000,1500.0000,2000.0000
271310.7870,2.0000,2000.0000,2000.0000,1592.0000,-218.0000,103.0000,106.0000,-204.0000,-797.0000,-6545.0000,0.5794,-0.7164,0.3029,0.2437,96.4400,-59.1500,-57.4700,4.8200,-2.6000,12.6700,0.0000,0.0000,-0.0000,1165.0000,1745.0000,1500.0000,2000.0000
271327.8550,2.0000,1998.0000,1760.0000,1266.0000,-295.0000,78.0000,117.0000,-581.0000,-478.0000,-7326.0000,0.5426,-0.7368,0.3120,0.2559,96.5700,-59.2000,-57.2300,5.0200,-2.1200,12.7600,0.0000,0.0000,-0.0000,1486.0000,1749.0000,1500.0000,1999.0000
271345.0080,2.0000,1998.0000,1760.0000,1266.0000,-340.0000,49.0000,117.0000,-707.0000,-340.0000,-6600.0000,0.4985,-0.7593,0.3162,0.2738,96.7000,-59.2500,-56.9900,5.2200,-1.5500,12.6200,0.0000,0.0000,-0.0000,1486.0000,1749.0000,1500.0000,1999.0000
271361.9640,2.0000,1998.0000,1760.0000,1266.0000,-327.0000,52.0000,112.0000,-226.0000,-115.0000,-4910.0000,0.4523,-0.7803,0.3177,0.2928,96.8300,-59.2800,-56.7600,5.4200,-1.1600,12.4400,0.0000,0.0000,-0.0000,1486.0000,1749.0000,1500.0000,1999.0000
